Jour circulation,Depart theo SAT,Depart real SAT,Type,timestamps_secs,Distance,Vitesse,reconstructed_times,reconstructed_times_str,seg_number
21/07/2021,09:57:00,09:57:10,V,,3772270.0,0.0,35832.687,9:57:13,
21/07/2021,09:57:00,09:57:10,V,,3772280.0,1.3888888888888888,35847.087,9:57:27,
21/07/2021,09:57:00,09:57:10,V,,3772290.0,2.2222222222222223,35852.625,9:57:33,
21/07/2021,09:57:00,09:57:10,V,,3772310.0,2.7777777777777777,35860.625,9:57:41,
21/07/2021,09:57:00,09:57:10,V,,3772320.0,3.611111111111111,35863.756,9:57:44,
21/07/2021,09:57:00,09:57:10,V,,3772330.0,4.166666666666667,35866.327,9:57:46,
21/07/2021,09:57:00,09:57:10,V,,3772340.0,5.0,35868.509,9:57:49,
21/07/2021,09:57:00,09:57:10,V,,3772360.0,5.555555555555555,35872.298,9:57:52,
21/07/2021,09:57:00,09:57:10,V,,3772380.0,6.388888888888888,35875.647,9:57:56,
21/07/2021,09:57:00,09:57:10,V,,3772420.0,6.944444444444445,35881.647,9:58:02,
21/07/2021,09:57:00,09:57:10,V,35924.0,3772720.0,7.222222222222222,35924.0,9:58:44,
21/07/2021,09:57:00,09:57:10,V,35924.0,3772720.0,7.222222222222222,35924.0,9:58:44,0.0
21/07/2021,09:57:00,09:57:10,V,,3772850.0,7.777777777777778,35940.576,9:59:01,0.0
21/07/2021,09:57:00,09:57:10,V,35966.0,3773050.0,7.5,35966.0,9:59:26,0.0
21/07/2021,09:57:00,09:57:10,V,35978.0,3773130.0,7.777777777777778,35978.0,9:59:38,0.0
21/07/2021,09:57:00,09:57:10,V,35988.0,3773210.0,7.777777777777778,35988.0,9:59:48,0.0
21/07/2021,09:57:00,09:57:10,V,35990.0,3773230.0,7.777777777777778,35990.0,9:59:50,0.0
21/07/2021,09:57:00,09:57:10,V,,3773260.0,8.333333333333334,35993.908,9:59:54,0.0
21/07/2021,09:57:00,09:57:10,V,,3773290.0,9.166666666666666,35997.337,9:59:57,0.0
21/07/2021,09:57:00,09:57:10,V,,3773310.0,9.722222222222221,35999.454,9:59:59,0.0
21/07/2021,09:57:00,09:57:10,V,,3773330.0,10.555555555555555,36001.427,10:00:01,0.0
21/07/2021,09:57:00,09:57:10,V,,3773350.0,11.11111111111111,36003.273,10:00:03,0.0
21/07/2021,09:57:00,09:57:10,V,,3773370.0,11.944444444444445,36005.008,10:00:05,0.0
21/07/2021,09:57:00,09:57:10,V,,3773380.0,12.5,36005.826,10:00:06,0.0
21/07/2021,09:57:00,09:57:10,V,,3773420.0,13.88888888888889,36008.858,10:00:09,0.0
21/07/2021,09:57:00,09:57:10,V,,3773450.0,15.277777777777777,36010.915,10:00:11,0.0
21/07/2021,09:57:00,09:57:10,V,,3773500.0,16.666666666666668,36014.045,10:00:14,0.0
21/07/2021,09:57:00,09:57:10,V,36016.0,3773530.0,17.22222222222222,36016.0,10:00:16,0.0
21/07/2021,09:57:00,09:57:10,V,,3773560.0,18.055555555555554,36018.409,10:00:18,0.0
21/07/2021,09:57:00,09:57:10,V,,3773620.0,19.444444444444443,36021.609,10:00:22,0.0
21/07/2021,09:57:00,09:57:10,V,,3773730.0,20.833333333333332,36027.071,10:00:27,0.0
21/07/2021,09:57:00,09:57:10,V,,3773850.0,22.22222222222222,36032.645,10:00:33,0.0
21/07/2021,09:57:00,09:57:10,V,,3773970.0,23.61111111111111,36037.882,10:00:38,0.0
21/07/2021,09:57:00,09:57:10,V,36044.0,3774100.0,24.444444444444443,36044.0,10:00:44,0.0
21/07/2021,09:57:00,09:57:10,V,,3774140.0,25.0,36045.259,10:00:45,0.0
21/07/2021,09:57:00,09:57:10,V,,3774340.0,26.38888888888889,36053.043,10:00:53,0.0
21/07/2021,09:57:00,09:57:10,V,,3774510.0,27.77777777777778,36059.32,10:00:59,0.0
21/07/2021,09:57:00,09:57:10,V,,3774690.0,29.166666666666664,36065.642,10:01:06,0.0
21/07/2021,09:57:00,09:57:10,V,36068.0,3774770.0,29.72222222222222,36068.0,10:01:08,0.0
21/07/2021,09:57:00,09:57:10,V,,3774920.0,30.555555555555554,36073.094,10:01:13,0.0
21/07/2021,09:57:00,09:57:10,V,36090.0,3775440.0,31.38888888888889,36090.0,10:01:30,0.0
21/07/2021,09:57:00,09:57:10,V,36092.0,3775480.0,31.38888888888889,36092.0,10:01:32,0.0
21/07/2021,09:57:00,09:57:10,V,36108.0,3776010.0,30.833333333333332,36108.0,10:01:48,0.0
21/07/2021,09:57:00,09:57:10,V,36110.0,3776070.0,30.833333333333332,36110.0,10:01:50,0.0
21/07/2021,09:57:00,09:57:10,V,36112.0,3776150.0,30.833333333333332,36112.0,10:01:52,0.0
21/07/2021,09:57:00,09:57:10,V,,3776450.0,31.944444444444443,36121.719,10:02:02,0.0
21/07/2021,09:57:00,09:57:10,V,,3776700.0,33.333333333333336,36129.379,10:02:09,0.0
21/07/2021,09:57:00,09:57:10,V,,3776910.0,34.72222222222222,36135.55,10:02:16,0.0
21/07/2021,09:57:00,09:57:10,V,36136.0,3776920.0,34.72222222222222,36136.0,10:02:16,0.0
21/07/2021,09:57:00,09:57:10,V,,3777120.0,36.11111111111111,36141.976,10:02:22,0.0
21/07/2021,09:57:00,09:57:10,V,36150.0,3777400.0,36.666666666666664,36150.0,10:02:30,0.0
21/07/2021,09:57:00,09:57:10,V,36152.0,3777440.0,36.666666666666664,36152.0,10:02:32,0.0
21/07/2021,09:57:00,09:57:10,V,36156.0,3777600.0,36.666666666666664,36156.0,10:02:36,0.0
21/07/2021,09:57:00,09:57:10,V,36170.0,3778110.0,36.388888888888886,36170.0,10:02:50,0.0
21/07/2021,09:57:00,09:57:10,V,36172.0,3778170.0,36.388888888888886,36172.0,10:02:52,0.0
21/07/2021,09:57:00,09:57:10,V,36176.0,3778330.0,36.388888888888886,36176.0,10:02:56,0.0
21/07/2021,09:57:00,09:57:10,V,36184.0,3778650.0,36.94444444444444,36184.0,10:03:04,0.0
21/07/2021,09:57:00,09:57:10,V,36190.0,3778820.0,37.22222222222222,36190.0,10:03:10,0.0
21/07/2021,09:57:00,09:57:10,V,36194.0,3779030.0,36.94444444444444,36194.0,10:03:14,0.0
21/07/2021,09:57:00,09:57:10,V,36196.0,3779050.0,36.94444444444444,36196.0,10:03:16,0.0
21/07/2021,09:57:00,09:57:10,V,36204.0,3779390.0,36.388888888888886,36204.0,10:03:24,0.0
21/07/2021,09:57:00,09:57:10,V,36206.0,3779450.0,36.11111111111111,36206.0,10:03:26,0.0
21/07/2021,09:57:00,09:57:10,V,36214.0,3779780.0,36.388888888888886,36214.0,10:03:34,0.0
21/07/2021,09:57:00,09:57:10,V,36216.0,3779790.0,36.388888888888886,36216.0,10:03:36,0.0
21/07/2021,09:57:00,09:57:10,V,36232.0,3780420.0,36.388888888888886,36232.0,10:03:52,0.0
21/07/2021,09:57:00,09:57:10,V,36254.0,3781180.0,36.94444444444444,36254.0,10:04:14,0.0
21/07/2021,09:57:00,09:57:10,V,,3782800.0,37.5,36297.628,10:04:58,0.0
21/07/2021,09:57:00,09:57:10,V,36298.0,3782810.0,37.5,36298.0,10:04:58,0.0
21/07/2021,09:57:00,09:57:10,V,,3783130.0,38.888888888888886,36306.799,10:05:07,0.0
21/07/2021,09:57:00,09:57:10,V,,3783480.0,40.27777777777778,36315.641,10:05:16,0.0
21/07/2021,09:57:00,09:57:10,V,,3783920.0,41.666666666666664,36326.38,10:05:26,0.0
21/07/2021,09:57:00,09:57:10,V,36334.0,3784220.0,41.666666666666664,36334.0,10:05:34,0.0
21/07/2021,09:57:00,09:57:10,V,36336.0,3784320.0,41.11111111111111,36336.0,10:05:36,0.0
21/07/2021,09:57:00,09:57:10,V,36338.0,3784390.0,41.11111111111111,36338.0,10:05:38,0.0
21/07/2021,09:57:00,09:57:10,V,,3785190.0,43.05555555555556,36357.045,10:05:57,0.0
21/07/2021,09:57:00,09:57:10,V,,3785900.0,41.666666666666664,36373.805,10:06:14,0.0
21/07/2021,09:57:00,09:57:10,V,36376.0,3785990.0,41.666666666666664,36376.0,10:06:16,0.0
21/07/2021,09:57:00,09:57:10,V,36378.0,3786100.0,41.11111111111111,36378.0,10:06:18,0.0
21/07/2021,09:57:00,09:57:10,V,,3786260.0,40.27777777777778,36381.656,10:06:22,0.0
21/07/2021,09:57:00,09:57:10,V,,3786440.0,38.888888888888886,36386.204,10:06:26,0.0
21/07/2021,09:57:00,09:57:10,V,36388.0,3786520.0,38.333333333333336,36388.0,10:06:28,0.0
21/07/2021,09:57:00,09:57:10,V,,3786590.0,37.5,36390.522,10:06:31,0.0
21/07/2021,09:57:00,09:57:10,V,36392.0,3786620.0,37.22222222222222,36392.0,10:06:32,0.0
21/07/2021,09:57:00,09:57:10,V,36394.0,3786740.0,36.11111111111111,36394.0,10:06:34,0.0
21/07/2021,09:57:00,09:57:10,V,36396.0,3786810.0,35.27777777777778,36396.0,10:06:36,0.0
21/07/2021,09:57:00,09:57:10,V,36398.0,3786840.0,35.0,36398.0,10:06:38,0.0
21/07/2021,09:57:00,09:57:10,V,,3786860.0,34.72222222222222,36398.351,10:06:38,0.0
21/07/2021,09:57:00,09:57:10,V,36418.0,3787550.0,34.72222222222222,36418.0,10:06:58,0.0
21/07/2021,09:57:00,09:57:10,V,,3787750.0,36.11111111111111,36423.422,10:07:03,0.0
21/07/2021,09:57:00,09:57:10,V,,3787910.0,37.5,36427.769,10:07:08,0.0
21/07/2021,09:57:00,09:57:10,V,,3788050.0,38.888888888888886,36431.435,10:07:11,0.0
21/07/2021,09:57:00,09:57:10,V,,3788200.0,40.27777777777778,36435.224,10:07:15,0.0
21/07/2021,09:57:00,09:57:10,V,,3788370.0,41.666666666666664,36439.373,10:07:19,0.0
21/07/2021,09:57:00,09:57:10,V,,3788710.0,43.05555555555556,36447.399,10:07:27,0.0
21/07/2021,09:57:00,09:57:10,V,36456.0,3789090.0,43.05555555555556,36456.0,10:07:36,0.0
21/07/2021,09:57:00,09:57:10,V,36472.0,3789740.0,43.05555555555556,36472.0,10:07:52,0.0
21/07/2021,09:57:00,09:57:10,V,36500.0,3790940.0,43.05555555555556,36500.0,10:08:20,0.0
21/07/2021,09:57:00,09:57:10,V,36514.0,3791590.0,43.888888888888886,36514.0,10:08:34,0.0
21/07/2021,09:57:00,09:57:10,V,36516.0,3791700.0,43.888888888888886,36516.0,10:08:36,0.0
21/07/2021,09:57:00,09:57:10,V,36542.0,3792800.0,43.61111111111111,36542.0,10:09:02,0.0
21/07/2021,09:57:00,09:57:10,V,36544.0,3792850.0,43.333333333333336,36544.0,10:09:04,0.0
21/07/2021,09:57:00,09:57:10,V,36546.0,3792990.0,43.05555555555556,36546.0,10:09:06,0.0
21/07/2021,09:57:00,09:57:10,V,36548.0,3793070.0,43.05555555555556,36548.0,10:09:08,0.0
21/07/2021,09:57:00,09:57:10,V,36552.0,3793190.0,42.77777777777778,36552.0,10:09:12,0.0
21/07/2021,09:57:00,09:57:10,V,,3793550.0,44.44444444444444,36559.898,10:09:20,0.0
21/07/2021,09:57:00,09:57:10,V,36562.0,3793660.0,45.0,36562.0,10:09:22,0.0
21/07/2021,09:57:00,09:57:10,V,,3793760.0,45.833333333333336,36564.576,10:09:25,0.0
21/07/2021,09:57:00,09:57:10,V,,3793980.0,47.22222222222222,36569.305,10:09:29,0.0
21/07/2021,09:57:00,09:57:10,V,,3794210.0,48.61111111111111,36574.105,10:09:34,0.0
21/07/2021,09:57:00,09:57:10,V,,3794450.0,50.0,36578.972,10:09:39,0.0
21/07/2021,09:57:00,09:57:10,V,,3794720.0,51.388888888888886,36584.298,10:09:44,0.0
21/07/2021,09:57:00,09:57:10,V,,3795020.0,52.77777777777778,36590.058,10:09:50,0.0
21/07/2021,09:57:00,09:57:10,V,,3795300.0,54.166666666666664,36595.295,10:09:55,0.0
21/07/2021,09:57:00,09:57:10,V,,3795540.0,55.55555555555556,36599.669,10:10:00,0.0
21/07/2021,09:57:00,09:57:10,V,,3795740.0,56.94444444444444,36603.225,10:10:03,0.0
21/07/2021,09:57:00,09:57:10,V,,3795940.0,58.33333333333333,36606.695,10:10:07,0.0
21/07/2021,09:57:00,09:57:10,V,,3796150.0,59.72222222222222,36610.252,10:10:10,0.0
21/07/2021,09:57:00,09:57:10,V,,3796460.0,61.11111111111111,36615.383,10:10:15,0.0
21/07/2021,09:57:00,09:57:10,V,,3796870.0,62.5,36622.017,10:10:22,0.0
21/07/2021,09:57:00,09:57:10,V,,3797320.0,63.888888888888886,36629.138,10:10:29,0.0
21/07/2021,09:57:00,09:57:10,V,,3797790.0,65.27777777777777,36636.415,10:10:36,0.0
21/07/2021,09:57:00,09:57:10,V,,3798240.0,66.66666666666667,36643.236,10:10:43,0.0
21/07/2021,09:57:00,09:57:10,V,,3798870.0,68.05555555555556,36652.589,10:10:53,0.0
21/07/2021,09:57:00,09:57:10,V,,3799430.0,69.44444444444444,36660.734,10:11:01,0.0
21/07/2021,09:57:00,09:57:10,V,,3800000.0,70.83333333333333,36668.861,10:11:09,0.0
21/07/2021,09:57:00,09:57:10,V,,3800630.0,72.22222222222221,36677.669,10:11:18,0.0
21/07/2021,09:57:00,09:57:10,V,,3801240.0,73.61111111111111,36686.035,10:11:26,0.0
21/07/2021,09:57:00,09:57:10,V,36722.0,3803850.0,73.05555555555556,36722.0,10:12:02,0.0
21/07/2021,09:57:00,09:57:10,V,36724.0,3803960.0,73.05555555555556,36724.0,10:12:04,0.0
21/07/2021,09:57:00,09:57:10,V,36730.0,3804420.0,73.05555555555556,36730.0,10:12:10,0.0
21/07/2021,09:57:00,09:57:10,V,36732.0,3804550.0,73.05555555555556,36732.0,10:12:12,0.0
21/07/2021,09:57:00,09:57:10,V,36784.0,3808420.0,73.05555555555556,36784.0,10:13:04,0.0
21/07/2021,09:57:00,09:57:10,V,36786.0,3808500.0,73.05555555555556,36786.0,10:13:06,0.0
21/07/2021,09:57:00,09:57:10,V,36816.0,3810740.0,73.61111111111111,36816.0,10:13:36,0.0
21/07/2021,09:57:00,09:57:10,V,36818.0,3810930.0,73.61111111111111,36818.0,10:13:38,0.0
21/07/2021,09:57:00,09:57:10,V,,3811470.0,72.22222222222221,36825.153,10:13:45,0.0
21/07/2021,09:57:00,09:57:10,V,36880.0,3815480.0,73.33333333333333,36880.0,10:14:40,0.0
21/07/2021,09:57:00,09:57:10,V,36882.0,3815580.0,73.33333333333333,36882.0,10:14:42,0.0
21/07/2021,09:57:00,09:57:10,V,,3817130.0,70.83333333333333,36903.904,10:15:04,0.0
21/07/2021,09:57:00,09:57:10,V,36906.0,3817250.0,70.83333333333333,36906.0,10:15:06,0.0
21/07/2021,09:57:00,09:57:10,V,36908.0,3817420.0,70.55555555555556,36908.0,10:15:08,0.0
21/07/2021,09:57:00,09:57:10,V,36910.0,3817560.0,70.55555555555556,36910.0,10:15:10,0.0
21/07/2021,09:57:00,09:57:10,V,36912.0,3817750.0,70.55555555555556,36912.0,10:15:12,0.0
21/07/2021,09:57:00,09:57:10,V,,3818800.0,72.22222222222221,36926.637,10:15:27,0.0
21/07/2021,09:57:00,09:57:10,V,36934.0,3819340.0,73.05555555555556,36934.0,10:15:34,0.0
21/07/2021,09:57:00,09:57:10,V,36936.0,3819470.0,73.05555555555556,36936.0,10:15:36,0.0
21/07/2021,09:57:00,09:57:10,V,36950.0,3820470.0,72.22222222222221,36950.0,10:15:50,0.0
21/07/2021,09:57:00,09:57:10,V,36952.0,3820620.0,72.22222222222221,36952.0,10:15:52,0.0
21/07/2021,09:57:00,09:57:10,V,,3821360.0,73.61111111111111,36962.51,10:16:03,0.0
21/07/2021,09:57:00,09:57:10,V,36976.0,3822330.0,74.16666666666667,36976.0,10:16:16,0.0
21/07/2021,09:57:00,09:57:10,V,,3822770.0,75.0,36981.635,10:16:22,0.0
21/07/2021,09:57:00,09:57:10,V,,3823330.0,76.38888888888889,36989.033,10:16:29,0.0
21/07/2021,09:57:00,09:57:10,V,,3824420.0,77.77777777777777,37003.174,10:16:43,0.0
21/07/2021,09:57:00,09:57:10,V,,3825330.0,79.16666666666667,37014.77,10:16:55,0.0
21/07/2021,09:57:00,09:57:10,V,,3826190.0,80.55555555555556,37025.539,10:17:06,0.0
21/07/2021,09:57:00,09:57:10,V,,3827570.0,81.94444444444444,37042.523,10:17:23,0.0
21/07/2021,09:57:00,09:57:10,V,37082.0,3830810.0,81.11111111111111,37082.0,10:18:02,0.0
21/07/2021,09:57:00,09:57:10,V,37084.0,3830930.0,81.11111111111111,37084.0,10:18:04,0.0
21/07/2021,09:57:00,09:57:10,V,,3831080.0,80.55555555555556,37085.63,10:18:06,0.0
21/07/2021,09:57:00,09:57:10,V,,3831740.0,79.16666666666667,37093.894,10:18:14,0.0
21/07/2021,09:57:00,09:57:10,V,,3832470.0,77.77777777777777,37103.197,10:18:23,0.0
21/07/2021,09:57:00,09:57:10,V,37104.0,3832550.0,77.77777777777777,37104.0,10:18:24,0.0
21/07/2021,09:57:00,09:57:10,V,37106.0,3832720.0,77.5,37106.0,10:18:26,0.0
21/07/2021,09:57:00,09:57:10,V,37110.0,3833060.0,76.94444444444444,37110.0,10:18:30,0.0
21/07/2021,09:57:00,09:57:10,V,37112.0,3833200.0,76.66666666666667,37112.0,10:18:32,0.0
21/07/2021,09:57:00,09:57:10,V,,3833250.0,76.38888888888889,37113.087,10:18:33,0.0
21/07/2021,09:57:00,09:57:10,V,,3834220.0,77.77777777777777,37125.671,10:18:46,0.0
21/07/2021,09:57:00,09:57:10,V,,3834930.0,79.16666666666667,37134.719,10:18:55,0.0
21/07/2021,09:57:00,09:57:10,V,,3835770.0,80.55555555555556,37145.237,10:19:05,0.0
21/07/2021,09:57:00,09:57:10,V,37158.0,3836770.0,81.66666666666667,37158.0,10:19:18,0.0
21/07/2021,09:57:00,09:57:10,V,37160.0,3836930.0,81.66666666666667,37160.0,10:19:20,0.0
21/07/2021,09:57:00,09:57:10,V,37164.0,3837260.0,81.66666666666667,37164.0,10:19:24,0.0
21/07/2021,09:57:00,09:57:10,V,37166.0,3837400.0,81.66666666666667,37166.0,10:19:26,0.0
21/07/2021,09:57:00,09:57:10,V,,3837630.0,81.94444444444444,37168.653,10:19:29,0.0
21/07/2021,09:57:00,09:57:10,V,37214.0,3841340.0,81.11111111111111,37214.0,10:20:14,0.0
21/07/2021,09:57:00,09:57:10,V,,3841720.0,80.55555555555556,37218.094,10:20:18,0.0
21/07/2021,09:57:00,09:57:10,V,,3842490.0,79.16666666666667,37227.735,10:20:28,0.0
21/07/2021,09:57:00,09:57:10,V,,3843340.0,77.77777777777777,37238.567,10:20:39,0.0
21/07/2021,09:57:00,09:57:10,V,,3844680.0,79.16666666666667,37255.643,10:20:56,0.0
21/07/2021,09:57:00,09:57:10,V,,3845220.0,80.55555555555556,37262.405,10:21:02,0.0
21/07/2021,09:57:00,09:57:10,V,37276.0,3846370.0,81.38888888888889,37276.0,10:21:16,0.0
21/07/2021,09:57:00,09:57:10,V,37280.0,3846580.0,81.38888888888889,37280.0,10:21:20,0.0
21/07/2021,09:57:00,09:57:10,V,,3859120.0,81.94444444444444,37433.287,10:23:53,0.0
21/07/2021,09:57:00,09:57:10,V,37434.0,3859200.0,81.94444444444444,37434.0,10:23:54,0.0
21/07/2021,09:57:00,09:57:10,V,37436.0,3859330.0,81.94444444444444,37436.0,10:23:56,0.0
21/07/2021,09:57:00,09:57:10,V,37438.0,3859520.0,82.22222222222221,37438.0,10:23:58,0.0
21/07/2021,09:57:00,09:57:10,V,37440.0,3859660.0,81.94444444444444,37440.0,10:24:00,0.0
21/07/2021,09:57:00,09:57:10,V,37468.0,3862030.0,82.22222222222221,37468.0,10:24:28,0.0
21/07/2021,09:57:00,09:57:10,V,37470.0,3862120.0,82.22222222222221,37470.0,10:24:30,0.0
21/07/2021,09:57:00,09:57:10,V,37490.0,3863680.0,80.83333333333333,37490.0,10:24:50,0.0
21/07/2021,09:57:00,09:57:10,V,,3863720.0,80.55555555555556,37490.502,10:24:51,0.0
21/07/2021,09:57:00,09:57:10,V,37492.0,3863840.0,80.27777777777777,37492.0,10:24:52,0.0
21/07/2021,09:57:00,09:57:10,V,37514.0,3865700.0,80.55555555555556,37514.0,10:25:14,0.0
21/07/2021,09:57:00,09:57:10,V,37516.0,3865850.0,80.55555555555556,37516.0,10:25:16,0.0
21/07/2021,09:57:00,09:57:10,V,37540.0,3867790.0,80.55555555555556,37540.0,10:25:40,0.0
21/07/2021,09:57:00,09:57:10,V,37542.0,3867940.0,80.27777777777777,37542.0,10:25:42,0.0
21/07/2021,09:57:00,09:57:10,V,,3868540.0,79.16666666666667,37549.295,10:25:49,0.0
21/07/2021,09:57:00,09:57:10,V,,3869770.0,80.55555555555556,37564.697,10:26:05,0.0
21/07/2021,09:57:00,09:57:10,V,37572.0,3870380.0,81.38888888888889,37572.0,10:26:12,0.0
21/07/2021,09:57:00,09:57:10,V,37574.0,3870510.0,81.38888888888889,37574.0,10:26:14,0.0
21/07/2021,09:57:00,09:57:10,V,37578.0,3870860.0,81.38888888888889,37578.0,10:26:18,0.0
21/07/2021,09:57:00,09:57:10,V,37580.0,3870930.0,81.38888888888889,37580.0,10:26:20,0.0
21/07/2021,09:57:00,09:57:10,V,37600.0,3872640.0,80.55555555555556,37600.0,10:26:40,0.0
21/07/2021,09:57:00,09:57:10,V,37604.0,3872840.0,80.55555555555556,37604.0,10:26:44,0.0
21/07/2021,09:57:00,09:57:10,V,37606.0,3873130.0,80.27777777777777,37606.0,10:26:46,0.0
21/07/2021,09:57:00,09:57:10,V,37610.0,3873330.0,79.72222222222221,37610.0,10:26:50,0.0
21/07/2021,09:57:00,09:57:10,V,,3873450.0,79.16666666666667,37610.775,10:26:51,0.0
21/07/2021,09:57:00,09:57:10,V,,3874640.0,80.55555555555556,37625.675,10:27:06,0.0
21/07/2021,09:57:00,09:57:10,V,,3877130.0,81.94444444444444,37656.322,10:27:36,0.0
21/07/2021,09:57:00,09:57:10,V,37676.0,3878800.0,81.66666666666667,37676.0,10:27:56,0.0
21/07/2021,09:57:00,09:57:10,V,37678.0,3878920.0,81.38888888888889,37678.0,10:27:58,0.0
21/07/2021,09:57:00,09:57:10,V,,3879350.0,80.55555555555556,37683.662,10:28:04,0.0
21/07/2021,09:57:00,09:57:10,V,37686.0,3879510.0,80.55555555555556,37686.0,10:28:06,0.0
21/07/2021,09:57:00,09:57:10,V,37688.0,3879650.0,80.27777777777777,37688.0,10:28:08,0.0
21/07/2021,09:57:00,09:57:10,V,,3884190.0,81.94444444444444,37743.93,10:29:04,0.0
21/07/2021,09:57:00,09:57:10,V,37754.0,3885020.0,82.22222222222221,37754.0,10:29:14,0.0
21/07/2021,09:57:00,09:57:10,V,37756.0,3885160.0,82.22222222222221,37756.0,10:29:16,0.0
21/07/2021,09:57:00,09:57:10,V,37782.0,3887350.0,81.94444444444444,37782.0,10:29:42,0.0
21/07/2021,09:57:00,09:57:10,V,37784.0,3887480.0,81.66666666666667,37784.0,10:29:44,0.0
21/07/2021,09:57:00,09:57:10,V,,3889350.0,80.55555555555556,37806.403,10:30:06,0.0
21/07/2021,09:57:00,09:57:10,V,,3889940.0,79.16666666666667,37813.791,10:30:14,0.0
21/07/2021,09:57:00,09:57:10,V,,3890550.0,77.77777777777777,37821.565,10:30:22,0.0
21/07/2021,09:57:00,09:57:10,V,,3891160.0,76.38888888888889,37829.478,10:30:29,0.0
21/07/2021,09:57:00,09:57:10,V,,3891810.0,75.0,37838.065,10:30:38,0.0
21/07/2021,09:57:00,09:57:10,V,,3893160.0,76.38888888888889,37855.9,10:30:56,0.0
21/07/2021,09:57:00,09:57:10,V,,3893760.0,77.77777777777777,37863.684,10:31:04,0.0
21/07/2021,09:57:00,09:57:10,V,,3894390.0,79.16666666666667,37871.712,10:31:12,0.0
21/07/2021,09:57:00,09:57:10,V,,3896060.0,80.55555555555556,37892.624,10:31:33,0.0
21/07/2021,09:57:00,09:57:10,V,,3897560.0,81.94444444444444,37911.085,10:31:51,0.0
21/07/2021,09:57:00,09:57:10,V,37918.0,3898180.0,81.94444444444444,37918.0,10:31:58,0.0
21/07/2021,09:57:00,09:57:10,V,37920.0,3898300.0,81.94444444444444,37920.0,10:32:00,0.0
21/07/2021,09:57:00,09:57:10,V,,3900050.0,80.55555555555556,37941.785,10:32:22,0.0
21/07/2021,09:57:00,09:57:10,V,37948.0,3900530.0,80.27777777777777,37948.0,10:32:28,0.0
21/07/2021,09:57:00,09:57:10,V,,3902170.0,79.16666666666667,37968.233,10:32:48,0.0
21/07/2021,09:57:00,09:57:10,V,37974.0,3902650.0,78.05555555555556,37974.0,10:32:54,0.0
21/07/2021,09:57:00,09:57:10,V,,3903450.0,77.77777777777777,37984.685,10:33:05,0.0
21/07/2021,09:57:00,09:57:10,V,,3903920.0,76.38888888888889,37990.783,10:33:11,0.0
21/07/2021,09:57:00,09:57:10,V,,3904270.0,75.0,37995.406,10:33:15,0.0
21/07/2021,09:57:00,09:57:10,V,,3904550.0,73.61111111111111,37999.175,10:33:19,0.0
21/07/2021,09:57:00,09:57:10,V,38000.0,3904580.0,73.61111111111111,38000.0,10:33:20,0.0
21/07/2021,09:57:00,09:57:10,V,38002.0,3904800.0,72.5,38002.0,10:33:22,0.0
21/07/2021,09:57:00,09:57:10,V,,3904830.0,72.22222222222221,38002.276,10:33:22,0.0
21/07/2021,09:57:00,09:57:10,V,38020.0,3906130.0,73.33333333333333,38020.0,10:33:40,0.0
21/07/2021,09:57:00,09:57:10,V,38022.0,3906240.0,73.33333333333333,38022.0,10:33:42,0.0
21/07/2021,09:57:00,09:57:10,V,38026.0,3906500.0,73.33333333333333,38026.0,10:33:46,0.0
21/07/2021,09:57:00,09:57:10,V,,3906510.0,73.61111111111111,38026.125,10:33:46,0.0
21/07/2021,09:57:00,09:57:10,V,,3907110.0,75.0,38034.2,10:33:54,0.0
21/07/2021,09:57:00,09:57:10,V,,3907650.0,76.38888888888889,38041.334,10:34:01,0.0
21/07/2021,09:57:00,09:57:10,V,,3908190.0,77.77777777777777,38048.339,10:34:08,0.0
21/07/2021,09:57:00,09:57:10,V,,3908670.0,79.16666666666667,38054.456,10:34:14,0.0
21/07/2021,09:57:00,09:57:10,V,,3909170.0,80.55555555555556,38060.717,10:34:21,0.0
21/07/2021,09:57:00,09:57:10,V,,3909690.0,81.94444444444444,38067.117,10:34:27,0.0
21/07/2021,09:57:00,09:57:10,V,,3910880.0,80.55555555555556,38081.763,10:34:42,0.0
21/07/2021,09:57:00,09:57:10,V,38082.0,3910900.0,80.55555555555556,38082.0,10:34:42,0.0
21/07/2021,09:57:00,09:57:10,V,38084.0,3911090.0,80.0,38084.0,10:34:44,0.0
21/07/2021,09:57:00,09:57:10,V,38098.0,3912190.0,81.38888888888889,38098.0,10:34:58,0.0
21/07/2021,09:57:00,09:57:10,V,38100.0,3912300.0,81.66666666666667,38100.0,10:35:00,0.0
21/07/2021,09:57:00,09:57:10,V,,3912680.0,81.94444444444444,38103.858,10:35:04,0.0
21/07/2021,09:57:00,09:57:10,V,38136.0,3915360.0,80.83333333333333,38136.0,10:35:36,0.0
21/07/2021,09:57:00,09:57:10,V,38138.0,3915420.0,80.83333333333333,38138.0,10:35:38,0.0
21/07/2021,09:57:00,09:57:10,V,,3915480.0,80.55555555555556,38138.434,10:35:38,0.0
21/07/2021,09:57:00,09:57:10,V,38158.0,3917070.0,79.44444444444444,38158.0,10:35:58,0.0
21/07/2021,09:57:00,09:57:10,V,,3917160.0,79.16666666666667,38158.873,10:35:59,0.0
21/07/2021,09:57:00,09:57:10,V,38160.0,3917270.0,79.16666666666667,38160.0,10:36:00,0.0
21/07/2021,09:57:00,09:57:10,V,,3917640.0,77.77777777777777,38165.221,10:36:05,0.0
21/07/2021,09:57:00,09:57:10,V,38174.0,3918280.0,76.94444444444444,38174.0,10:36:14,0.0
21/07/2021,09:57:00,09:57:10,V,38184.0,3919010.0,76.94444444444444,38184.0,10:36:24,0.0
21/07/2021,09:57:00,09:57:10,V,,3921050.0,79.16666666666667,38209.307,10:36:49,0.0
21/07/2021,09:57:00,09:57:10,V,,3922830.0,80.55555555555556,38231.596,10:37:12,0.0
21/07/2021,09:57:00,09:57:10,V,,3928200.0,81.94444444444444,38297.688,10:38:18,0.0
21/07/2021,09:57:00,09:57:10,V,,3929300.0,80.55555555555556,38311.226,10:38:31,0.0
21/07/2021,09:57:00,09:57:10,V,38374.0,3934450.0,81.38888888888889,38374.0,10:39:34,0.0
21/07/2021,09:57:00,09:57:10,V,38376.0,3934570.0,81.38888888888889,38376.0,10:39:36,0.0
21/07/2021,09:57:00,09:57:10,V,38388.0,3935540.0,81.11111111111111,38388.0,10:39:48,0.0
21/07/2021,09:57:00,09:57:10,V,38390.0,3935700.0,80.83333333333333,38390.0,10:39:50,0.0
21/07/2021,09:57:00,09:57:10,V,38466.0,3941770.0,81.38888888888889,38466.0,10:41:06,0.0
21/07/2021,09:57:00,09:57:10,V,38474.0,3942430.0,80.55555555555556,38474.0,10:41:14,0.0
21/07/2021,09:57:00,09:57:10,V,38552.0,3948730.0,81.38888888888889,38552.0,10:42:32,0.0
21/07/2021,09:57:00,09:57:10,V,,3949110.0,81.94444444444444,38556.259,10:42:36,0.0
21/07/2021,09:57:00,09:57:10,V,38560.0,3949450.0,82.5,38560.0,10:42:40,0.0
21/07/2021,09:57:00,09:57:10,V,38562.0,3949530.0,82.5,38562.0,10:42:42,0.0
21/07/2021,09:57:00,09:57:10,V,38570.0,3950360.0,82.22222222222221,38570.0,10:42:50,0.0
21/07/2021,09:57:00,09:57:10,V,,3950960.0,80.55555555555556,38578.438,10:42:58,0.0
21/07/2021,09:57:00,09:57:10,V,38582.0,3951160.0,79.72222222222221,38582.0,10:43:02,0.0
21/07/2021,09:57:00,09:57:10,V,,3951260.0,79.16666666666667,38582.997,10:43:03,0.0
21/07/2021,09:57:00,09:57:10,V,38584.0,3951360.0,78.88888888888889,38584.0,10:43:04,0.0
21/07/2021,09:57:00,09:57:10,V,,3951570.0,77.77777777777777,38586.67,10:43:07,0.0
21/07/2021,09:57:00,09:57:10,V,,3952020.0,76.38888888888889,38592.508,10:43:13,0.0
21/07/2021,09:57:00,09:57:10,V,38600.0,3952590.0,75.55555555555556,38600.0,10:43:20,0.0
21/07/2021,09:57:00,09:57:10,V,,3952860.0,75.0,38603.26,10:43:23,0.0
21/07/2021,09:57:00,09:57:10,V,38604.0,3952940.0,75.0,38604.0,10:43:24,0.0
21/07/2021,09:57:00,09:57:10,V,38606.0,3953010.0,74.72222222222221,38606.0,10:43:26,0.0
21/07/2021,09:57:00,09:57:10,V,,3953280.0,73.61111111111111,38608.769,10:43:29,0.0
21/07/2021,09:57:00,09:57:10,V,,3953620.0,72.22222222222221,38613.432,10:43:33,0.0
21/07/2021,09:57:00,09:57:10,V,,3953910.0,70.83333333333333,38617.486,10:43:37,0.0
21/07/2021,09:57:00,09:57:10,V,,3954200.0,69.44444444444444,38621.621,10:43:42,0.0
21/07/2021,09:57:00,09:57:10,V,,3954480.0,68.05555555555556,38625.694,10:43:46,0.0
21/07/2021,09:57:00,09:57:10,V,38626.0,3954560.0,67.77777777777777,38626.0,10:43:46,0.0
21/07/2021,09:57:00,09:57:10,V,38628.0,3954580.0,67.77777777777777,38628.0,10:43:48,0.0
21/07/2021,09:57:00,09:57:10,V,,3954760.0,66.66666666666667,38630.14,10:43:50,0.0
21/07/2021,09:57:00,09:57:10,V,,3955100.0,65.27777777777777,38635.294,10:43:55,0.0
21/07/2021,09:57:00,09:57:10,V,,3956370.0,63.888888888888886,38654.958,10:44:15,0.0
21/07/2021,09:57:00,09:57:10,V,38662.0,3956850.0,62.77777777777778,38662.0,10:44:22,0.0
21/07/2021,09:57:00,09:57:10,V,,3956980.0,62.5,38663.984,10:44:24,0.0
21/07/2021,09:57:00,09:57:10,V,38670.0,3957360.0,61.94444444444444,38670.0,10:44:30,0.0
21/07/2021,09:57:00,09:57:10,V,,3957690.0,61.11111111111111,38675.298,10:44:35,0.0
21/07/2021,09:57:00,09:57:10,V,38680.0,3957980.0,60.55555555555556,38680.0,10:44:40,0.0
21/07/2021,09:57:00,09:57:10,V,38684.0,3958140.0,60.27777777777778,38684.0,10:44:44,0.0
21/07/2021,09:57:00,09:57:10,V,,3958790.0,59.72222222222222,38694.319,10:44:54,0.0
21/07/2021,09:57:00,09:57:10,V,38698.0,3959040.0,59.44444444444444,38698.0,10:44:58,0.0
21/07/2021,09:57:00,09:57:10,V,38768.0,3963210.0,58.888888888888886,38768.0,10:46:08,0.0
21/07/2021,09:57:00,09:57:10,V,38770.0,3963320.0,58.888888888888886,38770.0,10:46:10,0.0
21/07/2021,09:57:00,09:57:10,V,38774.0,3963550.0,58.61111111111111,38774.0,10:46:14,0.0
21/07/2021,09:57:00,09:57:10,V,,3963610.0,58.33333333333333,38774.801,10:46:15,0.0
21/07/2021,09:57:00,09:57:10,V,38782.0,3964040.0,57.5,38782.0,10:46:22,0.0
21/07/2021,09:57:00,09:57:10,V,,3964130.0,56.94444444444444,38783.955,10:46:24,0.0
21/07/2021,09:57:00,09:57:10,V,,3964340.0,55.55555555555556,38787.689,10:46:28,0.0
21/07/2021,09:57:00,09:57:10,V,,3964510.0,54.166666666666664,38790.787,10:46:31,0.0
21/07/2021,09:57:00,09:57:10,V,,3964670.0,52.77777777777778,38793.779,10:46:34,0.0
21/07/2021,09:57:00,09:57:10,V,,3964820.0,51.388888888888886,38796.659,10:46:37,0.0
21/07/2021,09:57:00,09:57:10,V,,3964970.0,50.0,38799.618,10:46:40,0.0
21/07/2021,09:57:00,09:57:10,V,,3965120.0,48.61111111111111,38802.661,10:46:43,0.0
21/07/2021,09:57:00,09:57:10,V,,3965280.0,47.22222222222222,38806.0,10:46:46,0.0
21/07/2021,09:57:00,09:57:10,V,,3965440.0,45.833333333333336,38809.439,10:46:49,0.0
21/07/2021,09:57:00,09:57:10,V,,3965610.0,44.44444444444444,38813.205,10:46:53,0.0
21/07/2021,09:57:00,09:57:10,V,,3965960.0,43.05555555555556,38821.205,10:47:01,0.0
21/07/2021,09:57:00,09:57:10,V,38826.0,3966150.0,43.05555555555556,38826.0,10:47:06,0.0
21/07/2021,09:57:00,09:57:10,V,38838.0,3966690.0,43.05555555555556,38838.0,10:47:18,0.0
21/07/2021,09:57:00,09:57:10,V,38846.0,3966980.0,42.77777777777778,38846.0,10:47:26,0.0
21/07/2021,09:57:00,09:57:10,V,38848.0,3967070.0,42.5,38848.0,10:47:28,0.0
21/07/2021,09:57:00,09:57:10,V,38956.0,3971780.0,43.333333333333336,38956.0,10:49:16,0.0
21/07/2021,09:57:00,09:57:10,V,38968.0,3972300.0,43.61111111111111,38968.0,10:49:28,0.0
21/07/2021,09:57:00,09:57:10,V,38980.0,3972770.0,43.333333333333336,38980.0,10:49:40,0.0
21/07/2021,09:57:00,09:57:10,V,38986.0,3973080.0,43.61111111111111,38986.0,10:49:46,0.0
21/07/2021,09:57:00,09:57:10,V,38990.0,3973210.0,43.333333333333336,38990.0,10:49:50,0.0
21/07/2021,09:57:00,09:57:10,V,38992.0,3973360.0,43.333333333333336,38992.0,10:49:52,0.0
21/07/2021,09:57:00,09:57:10,V,38996.0,3973470.0,43.05555555555556,38996.0,10:49:56,0.0
21/07/2021,09:57:00,09:57:10,V,39010.0,3974140.0,43.05555555555556,39010.0,10:50:10,0.0
21/07/2021,09:57:00,09:57:10,V,39012.0,3974200.0,43.05555555555556,39012.0,10:50:12,0.0
21/07/2021,09:57:00,09:57:10,V,39030.0,3974980.0,43.61111111111111,39030.0,10:50:30,0.0
21/07/2021,09:57:00,09:57:10,V,39040.0,3975370.0,43.333333333333336,39040.0,10:50:40,0.0
21/07/2021,09:57:00,09:57:10,V,39060.0,3976250.0,42.22222222222222,39060.0,10:51:00,0.0
21/07/2021,09:57:00,09:57:10,V,,3976330.0,41.666666666666664,39061.775,10:51:02,0.0
21/07/2021,09:57:00,09:57:10,V,39078.0,3977030.0,42.22222222222222,39078.0,10:51:18,0.0
21/07/2021,09:57:00,09:57:10,V,39080.0,3977070.0,42.22222222222222,39080.0,10:51:20,0.0
21/07/2021,09:57:00,09:57:10,V,,3977610.0,43.05555555555556,39092.175,10:51:32,0.0
21/07/2021,09:57:00,09:57:10,V,39094.0,3977710.0,43.333333333333336,39094.0,10:51:34,0.0
21/07/2021,09:57:00,09:57:10,V,39110.0,3978400.0,43.61111111111111,39110.0,10:51:50,0.0
21/07/2021,09:57:00,09:57:10,V,39118.0,3978780.0,43.333333333333336,39118.0,10:51:58,0.0
21/07/2021,09:57:00,09:57:10,V,39122.0,3978880.0,43.05555555555556,39122.0,10:52:02,0.0
21/07/2021,09:57:00,09:57:10,V,39130.0,3979220.0,42.77777777777778,39130.0,10:52:10,0.0
21/07/2021,09:57:00,09:57:10,V,39140.0,3979700.0,43.333333333333336,39140.0,10:52:20,0.0
21/07/2021,09:57:00,09:57:10,V,39196.0,3982100.0,43.888888888888886,39196.0,10:53:16,0.0
21/07/2021,09:57:00,09:57:10,V,39202.0,3982410.0,43.61111111111111,39202.0,10:53:22,0.0
21/07/2021,09:57:00,09:57:10,V,39204.0,3982490.0,43.333333333333336,39204.0,10:53:24,0.0
21/07/2021,09:57:00,09:57:10,V,39224.0,3983350.0,43.05555555555556,39224.0,10:53:44,0.0
21/07/2021,09:57:00,09:57:10,V,39226.0,3983400.0,43.05555555555556,39226.0,10:53:46,0.0
21/07/2021,09:57:00,09:57:10,V,39232.0,3983740.0,43.61111111111111,39232.0,10:53:52,0.0
21/07/2021,09:57:00,09:57:10,V,39244.0,3984180.0,43.61111111111111,39244.0,10:54:04,0.0
21/07/2021,09:57:00,09:57:10,V,39258.0,3984820.0,42.77777777777778,39258.0,10:54:18,0.0
21/07/2021,09:57:00,09:57:10,V,39260.0,3984920.0,42.77777777777778,39260.0,10:54:20,0.0
21/07/2021,09:57:00,09:57:10,V,39290.0,3986190.0,42.77777777777778,39290.0,10:54:50,0.0
21/07/2021,09:57:00,09:57:10,V,,3986630.0,44.44444444444444,39300.19,10:55:00,0.0
21/07/2021,09:57:00,09:57:10,V,,3986980.0,45.833333333333336,39307.944,10:55:08,0.0
21/07/2021,09:57:00,09:57:10,V,,3987660.0,47.22222222222222,39322.559,10:55:23,0.0
21/07/2021,09:57:00,09:57:10,V,,3988240.0,48.61111111111111,39334.664,10:55:35,0.0
21/07/2021,09:57:00,09:57:10,V,,3988540.0,50.0,39340.748,10:55:41,0.0
21/07/2021,09:57:00,09:57:10,V,,3988800.0,51.388888888888886,39345.877,10:55:46,0.0
21/07/2021,09:57:00,09:57:10,V,,3989070.0,52.77777777777778,39351.061,10:55:51,0.0
21/07/2021,09:57:00,09:57:10,V,,3989370.0,54.166666666666664,39356.671,10:55:57,0.0
21/07/2021,09:57:00,09:57:10,V,,3989710.0,55.55555555555556,39362.869,10:56:03,0.0
21/07/2021,09:57:00,09:57:10,V,,3990080.0,56.94444444444444,39369.447,10:56:09,0.0
21/07/2021,09:57:00,09:57:10,V,,3990460.0,58.33333333333333,39376.039,10:56:16,0.0
21/07/2021,09:57:00,09:57:10,V,,3990860.0,59.72222222222222,39382.816,10:56:23,0.0
21/07/2021,09:57:00,09:57:10,V,,3991300.0,61.11111111111111,39390.099,10:56:30,0.0
21/07/2021,09:57:00,09:57:10,V,,3991760.0,62.5,39397.541,10:56:38,0.0
21/07/2021,09:57:00,09:57:10,V,,3992300.0,63.888888888888886,39406.086,10:56:46,0.0
21/07/2021,09:57:00,09:57:10,V,,3992910.0,65.27777777777777,39415.531,10:56:56,0.0
21/07/2021,09:57:00,09:57:10,V,,3993580.0,66.66666666666667,39425.687,10:57:06,0.0
21/07/2021,09:57:00,09:57:10,V,,3994230.0,68.05555555555556,39435.337,10:57:15,0.0
21/07/2021,09:57:00,09:57:10,V,,3994540.0,69.44444444444444,39439.846,10:57:20,0.0
21/07/2021,09:57:00,09:57:10,V,,3994820.0,70.83333333333333,39443.838,10:57:24,0.0
21/07/2021,09:57:00,09:57:10,V,,3995380.0,72.22222222222221,39451.667,10:57:32,0.0
21/07/2021,09:57:00,09:57:10,V,39500.0,3998850.0,71.66666666666667,39500.0,10:58:20,0.0
21/07/2021,09:57:00,09:57:10,V,39502.0,3998920.0,71.38888888888889,39502.0,10:58:22,0.0
21/07/2021,09:57:00,09:57:10,V,,3999140.0,70.83333333333333,39505.054,10:58:25,0.0
21/07/2021,09:57:00,09:57:10,V,,3999790.0,69.44444444444444,39514.322,10:58:34,0.0
21/07/2021,09:57:00,09:57:10,V,,4000470.0,68.05555555555556,39524.212,10:58:44,0.0
21/07/2021,09:57:00,09:57:10,V,,4001210.0,66.66666666666667,39535.198,10:58:55,0.0
21/07/2021,09:57:00,09:57:10,V,,4001940.0,65.27777777777777,39546.263,10:59:06,0.0
21/07/2021,09:57:00,09:57:10,V,,4002650.0,63.888888888888886,39557.257,10:59:17,0.0
21/07/2021,09:57:00,09:57:10,V,39558.0,4002700.0,63.888888888888886,39558.0,10:59:18,0.0
21/07/2021,09:57:00,09:57:10,V,,4003170.0,62.5,39564.641,10:59:25,0.0
21/07/2021,09:57:00,09:57:10,V,39570.0,4003550.0,61.11111111111111,39570.0,10:59:30,0.0
21/07/2021,09:57:00,09:57:10,V,39574.0,4003700.0,60.55555555555556,39574.0,10:59:34,0.0
21/07/2021,09:57:00,09:57:10,V,39580.0,4004070.0,60.0,39580.0,10:59:40,0.0
21/07/2021,09:57:00,09:57:10,V,,4004320.0,59.72222222222222,39583.414,10:59:43,0.0
21/07/2021,09:57:00,09:57:10,V,39586.0,4004520.0,59.72222222222222,39586.0,10:59:46,0.0
21/07/2021,09:57:00,09:57:10,V,39588.0,4004600.0,59.72222222222222,39588.0,10:59:48,0.0
21/07/2021,09:57:00,09:57:10,V,39614.0,4006160.0,58.61111111111111,39614.0,11:00:14,0.0
21/07/2021,09:57:00,09:57:10,V,39616.0,4006200.0,58.61111111111111,39616.0,11:00:16,0.0
21/07/2021,09:57:00,09:57:10,V,39618.0,4006310.0,58.61111111111111,39618.0,11:00:18,0.0
21/07/2021,09:57:00,09:57:10,V,,4008360.0,61.11111111111111,39651.623,11:00:52,0.0
21/07/2021,09:57:00,09:57:10,V,39678.0,4010010.0,61.11111111111111,39678.0,11:01:18,0.0
21/07/2021,09:57:00,09:57:10,V,39680.0,4010110.0,60.83333333333333,39680.0,11:01:20,0.0
21/07/2021,09:57:00,09:57:10,V,,4011370.0,62.5,39701.03,11:01:41,0.0
21/07/2021,09:57:00,09:57:10,V,39708.0,4011770.0,63.05555555555556,39708.0,11:01:48,0.0
21/07/2021,09:57:00,09:57:10,V,,4012520.0,63.888888888888886,39719.038,11:01:59,0.0
21/07/2021,09:57:00,09:57:10,V,39734.0,4013530.0,64.44444444444444,39734.0,11:02:14,0.0
21/07/2021,09:57:00,09:57:10,V,39738.0,4013710.0,64.44444444444444,39738.0,11:02:18,0.0
21/07/2021,09:57:00,09:57:10,V,39740.0,4013930.0,63.888888888888886,39740.0,11:02:20,0.0
21/07/2021,09:57:00,09:57:10,V,39744.0,4014070.0,63.33333333333333,39744.0,11:02:24,0.0
21/07/2021,09:57:00,09:57:10,V,,4014390.0,62.5,39748.452,11:02:28,0.0
21/07/2021,09:57:00,09:57:10,V,,4015510.0,63.888888888888886,39766.176,11:02:46,0.0
21/07/2021,09:57:00,09:57:10,V,,4016520.0,65.27777777777777,39781.814,11:03:02,0.0
21/07/2021,09:57:00,09:57:10,V,,4017370.0,66.66666666666667,39794.698,11:03:15,0.0
21/07/2021,09:57:00,09:57:10,V,39800.0,4017770.0,68.05555555555556,39800.0,11:03:20,0.0
21/07/2021,09:57:00,09:57:10,V,39802.0,4017880.0,68.05555555555556,39802.0,11:03:22,0.0
21/07/2021,09:57:00,09:57:10,V,,4018720.0,66.66666666666667,39815.048,11:03:35,0.0
21/07/2021,09:57:00,09:57:10,V,,4019400.0,65.27777777777777,39825.355,11:03:45,0.0
21/07/2021,09:57:00,09:57:10,V,,4019920.0,63.888888888888886,39833.407,11:03:53,0.0
21/07/2021,09:57:00,09:57:10,V,,4020440.0,62.5,39841.635,11:04:02,0.0
21/07/2021,09:57:00,09:57:10,V,,4022260.0,63.888888888888886,39870.435,11:04:30,0.0
21/07/2021,09:57:00,09:57:10,V,39876.0,4022580.0,64.44444444444444,39876.0,11:04:36,0.0
21/07/2021,09:57:00,09:57:10,V,39878.0,4022670.0,64.72222222222221,39878.0,11:04:38,0.0
21/07/2021,09:57:00,09:57:10,V,,4022800.0,65.27777777777777,39879.932,11:04:40,0.0
21/07/2021,09:57:00,09:57:10,V,,4023270.0,66.66666666666667,39887.056,11:04:47,0.0
21/07/2021,09:57:00,09:57:10,V,,4023670.0,68.05555555555556,39892.995,11:04:53,0.0
21/07/2021,09:57:00,09:57:10,V,39896.0,4023880.0,68.61111111111111,39896.0,11:04:56,0.0
21/07/2021,09:57:00,09:57:10,V,39898.0,4024070.0,69.16666666666667,39898.0,11:04:58,0.0
21/07/2021,09:57:00,09:57:10,V,,4024160.0,69.44444444444444,39899.577,11:05:00,0.0
21/07/2021,09:57:00,09:57:10,V,39900.0,4024170.0,69.44444444444444,39900.0,11:05:00,0.0
21/07/2021,09:57:00,09:57:10,V,,4026110.0,68.05555555555556,39927.665,11:05:28,0.0
21/07/2021,09:57:00,09:57:10,V,39936.0,4026710.0,66.94444444444444,39936.0,11:05:36,0.0
21/07/2021,09:57:00,09:57:10,V,39938.0,4026850.0,66.94444444444444,39938.0,11:05:38,0.0
21/07/2021,09:57:00,09:57:10,V,,4028020.0,69.44444444444444,39955.59,11:05:56,0.0
21/07/2021,09:57:00,09:57:10,V,,4028820.0,70.83333333333333,39966.996,11:06:07,0.0
21/07/2021,09:57:00,09:57:10,V,,4029630.0,72.22222222222221,39978.32,11:06:18,0.0
21/07/2021,09:57:00,09:57:10,V,39980.0,4029720.0,72.22222222222221,39980.0,11:06:20,0.0
21/07/2021,09:57:00,09:57:10,V,,4030280.0,73.61111111111111,39987.399,11:06:27,0.0
21/07/2021,09:57:00,09:57:10,V,,4030600.0,75.0,39991.705,11:06:32,0.0
21/07/2021,09:57:00,09:57:10,V,,4030880.0,76.38888888888889,39995.404,11:06:35,0.0
21/07/2021,09:57:00,09:57:10,V,,4031230.0,77.77777777777777,39999.945,11:06:40,0.0
21/07/2021,09:57:00,09:57:10,V,,4031780.0,79.16666666666667,40006.954,11:06:47,0.0
21/07/2021,09:57:00,09:57:10,V,,4032380.0,80.55555555555556,40014.467,11:06:54,0.0
21/07/2021,09:57:00,09:57:10,V,40020.0,4032850.0,81.11111111111111,40020.0,11:07:00,0.0
21/07/2021,09:57:00,09:57:10,V,40022.0,4032940.0,81.11111111111111,40022.0,11:07:02,0.0
21/07/2021,09:57:00,09:57:10,V,40040.0,4034450.0,81.66666666666667,40040.0,11:07:20,0.0
21/07/2021,09:57:00,09:57:10,V,40042.0,4034650.0,81.38888888888889,40042.0,11:07:22,0.0
21/07/2021,09:57:00,09:57:10,V,40052.0,4035510.0,81.38888888888889,40052.0,11:07:32,0.0
21/07/2021,09:57:00,09:57:10,V,40054.0,4035630.0,81.66666666666667,40054.0,11:07:34,0.0
21/07/2021,09:57:00,09:57:10,V,,4035770.0,81.94444444444444,40055.978,11:07:36,0.0
21/07/2021,09:57:00,09:57:10,V,40092.0,4038690.0,81.38888888888889,40092.0,11:08:12,0.0
21/07/2021,09:57:00,09:57:10,V,40094.0,4038830.0,81.38888888888889,40094.0,11:08:14,0.0
21/07/2021,09:57:00,09:57:10,V,,4039320.0,80.55555555555556,40099.39,11:08:19,0.0
21/07/2021,09:57:00,09:57:10,V,,4041630.0,79.16666666666667,40128.316,11:08:48,0.0
21/07/2021,09:57:00,09:57:10,V,,4042070.0,77.77777777777777,40133.923,11:08:54,0.0
21/07/2021,09:57:00,09:57:10,V,,4043020.0,79.16666666666667,40146.029,11:09:06,0.0
21/07/2021,09:57:00,09:57:10,V,,4043620.0,80.55555555555556,40153.542,11:09:14,0.0
21/07/2021,09:57:00,09:57:10,V,40250.0,4051430.0,80.27777777777777,40250.0,11:10:50,0.0
21/07/2021,09:57:00,09:57:10,V,,4051810.0,79.16666666666667,40255.399,11:10:55,0.0
21/07/2021,09:57:00,09:57:10,V,40262.0,4052280.0,78.33333333333333,40262.0,11:11:02,0.0
21/07/2021,09:57:00,09:57:10,V,,4052460.0,77.77777777777777,40263.669,11:11:04,0.0
21/07/2021,09:57:00,09:57:10,V,40278.0,4053620.0,77.22222222222221,40278.0,11:11:18,0.0
21/07/2021,09:57:00,09:57:10,V,,4054120.0,76.38888888888889,40284.388,11:11:24,0.0
21/07/2021,09:57:00,09:57:10,V,,4054730.0,75.0,40292.447,11:11:32,0.0
21/07/2021,09:57:00,09:57:10,V,,4055020.0,73.61111111111111,40296.349,11:11:36,0.0
21/07/2021,09:57:00,09:57:10,V,40298.0,4055150.0,73.05555555555556,40298.0,11:11:38,0.0
21/07/2021,09:57:00,09:57:10,V,40300.0,4055200.0,72.77777777777777,40300.0,11:11:40,0.0
21/07/2021,09:57:00,09:57:10,V,,4055270.0,72.22222222222221,40300.684,11:11:41,0.0
21/07/2021,09:57:00,09:57:10,V,,4055630.0,70.83333333333333,40305.717,11:11:46,0.0
21/07/2021,09:57:00,09:57:10,V,40306.0,4055670.0,70.83333333333333,40306.0,11:11:46,0.0
21/07/2021,09:57:00,09:57:10,V,40308.0,4055840.0,70.55555555555556,40308.0,11:11:48,0.0
21/07/2021,09:57:00,09:57:10,V,,4056580.0,69.44444444444444,40318.5,11:11:58,0.0
21/07/2021,09:57:00,09:57:10,V,,4057520.0,68.05555555555556,40332.173,11:12:12,0.0
21/07/2021,09:57:00,09:57:10,V,,4059150.0,69.44444444444444,40355.882,11:12:36,0.0
21/07/2021,09:57:00,09:57:10,V,,4059520.0,70.83333333333333,40361.157,11:12:41,0.0
21/07/2021,09:57:00,09:57:10,V,,4059980.0,72.22222222222221,40367.588,11:12:48,0.0
21/07/2021,09:57:00,09:57:10,V,40370.0,4060160.0,72.77777777777777,40370.0,11:12:50,0.0
21/07/2021,09:57:00,09:57:10,V,40372.0,4060270.0,72.77777777777777,40372.0,11:12:52,0.0
21/07/2021,09:57:00,09:57:10,V,,4061260.0,70.83333333333333,40386.485,11:13:06,0.0
21/07/2021,09:57:00,09:57:10,V,,4061750.0,69.44444444444444,40393.471,11:13:13,0.0
21/07/2021,09:57:00,09:57:10,V,,4062090.0,68.05555555555556,40398.417,11:13:18,0.0
21/07/2021,09:57:00,09:57:10,V,,4062420.0,66.66666666666667,40403.316,11:13:23,0.0
21/07/2021,09:57:00,09:57:10,V,,4063950.0,68.05555555555556,40426.029,11:13:46,0.0
21/07/2021,09:57:00,09:57:10,V,,4064410.0,69.44444444444444,40432.72,11:13:53,0.0
21/07/2021,09:57:00,09:57:10,V,,4064880.0,70.83333333333333,40439.421,11:13:59,0.0
21/07/2021,09:57:00,09:57:10,V,,4067900.0,72.22222222222221,40481.642,11:14:42,0.0
21/07/2021,09:57:00,09:57:10,V,,4069120.0,70.83333333333333,40498.699,11:14:59,0.0
21/07/2021,09:57:00,09:57:10,V,,4069360.0,69.44444444444444,40502.12,11:15:02,0.0
21/07/2021,09:57:00,09:57:10,V,,4069610.0,68.05555555555556,40505.757,11:15:06,0.0
21/07/2021,09:57:00,09:57:10,V,,4073040.0,69.44444444444444,40555.648,11:15:56,0.0
21/07/2021,09:57:00,09:57:10,V,,4073440.0,70.83333333333333,40561.351,11:16:01,0.0
21/07/2021,09:57:00,09:57:10,V,,4073840.0,72.22222222222221,40566.943,11:16:07,0.0
21/07/2021,09:57:00,09:57:10,V,,4074250.0,73.61111111111111,40572.566,11:16:13,0.0
21/07/2021,09:57:00,09:57:10,V,,4075160.0,72.22222222222221,40585.046,11:16:25,0.0
21/07/2021,09:57:00,09:57:10,V,,4075410.0,70.83333333333333,40588.541,11:16:29,0.0
21/07/2021,09:57:00,09:57:10,V,,4075880.0,69.44444444444444,40595.242,11:16:35,0.0
21/07/2021,09:57:00,09:57:10,V,40602.0,4076300.0,69.16666666666667,40602.0,11:16:42,0.0
21/07/2021,09:57:00,09:57:10,V,40604.0,4076470.0,68.88888888888889,40604.0,11:16:44,0.0
21/07/2021,09:57:00,09:57:10,V,,4078540.0,70.83333333333333,40633.613,11:17:14,0.0
21/07/2021,09:57:00,09:57:10,V,,4078950.0,72.22222222222221,40639.345,11:17:19,0.0
21/07/2021,09:57:00,09:57:10,V,40648.0,4079580.0,73.05555555555556,40648.0,11:17:28,0.0
21/07/2021,09:57:00,09:57:10,V,,4080010.0,70.83333333333333,40653.905,11:17:34,0.0
21/07/2021,09:57:00,09:57:10,V,,4080250.0,69.44444444444444,40657.327,11:17:37,0.0
21/07/2021,09:57:00,09:57:10,V,,4080480.0,68.05555555555556,40660.672,11:17:41,0.0
21/07/2021,09:57:00,09:57:10,V,,4080800.0,66.66666666666667,40665.423,11:17:45,0.0
21/07/2021,09:57:00,09:57:10,V,,4081680.0,68.05555555555556,40678.486,11:17:58,0.0
21/07/2021,09:57:00,09:57:10,V,,4082060.0,69.44444444444444,40684.014,11:18:04,0.0
21/07/2021,09:57:00,09:57:10,V,,4082450.0,70.83333333333333,40689.574,11:18:10,0.0
21/07/2021,09:57:00,09:57:10,V,,4082840.0,72.22222222222221,40695.027,11:18:15,0.0
21/07/2021,09:57:00,09:57:10,V,,4083280.0,73.61111111111111,40701.061,11:18:21,0.0
21/07/2021,09:57:00,09:57:10,V,40708.0,4083800.0,74.72222222222221,40708.0,11:18:28,0.0
21/07/2021,09:57:00,09:57:10,V,40732.0,4085510.0,74.44444444444444,40732.0,11:18:52,0.0
21/07/2021,09:57:00,09:57:10,V,40734.0,4085700.0,74.16666666666667,40734.0,11:18:54,0.0
21/07/2021,09:57:00,09:57:10,V,40738.0,4085950.0,74.16666666666667,40738.0,11:18:58,0.0
21/07/2021,09:57:00,09:57:10,V,40754.0,4087250.0,73.33333333333333,40754.0,11:19:14,0.0
21/07/2021,09:57:00,09:57:10,V,40756.0,4087340.0,73.33333333333333,40756.0,11:19:16,0.0
21/07/2021,09:57:00,09:57:10,V,40764.0,4087930.0,73.33333333333333,40764.0,11:19:24,0.0
21/07/2021,09:57:00,09:57:10,V,40776.0,4088730.0,73.88888888888889,40776.0,11:19:36,0.0
21/07/2021,09:57:00,09:57:10,V,40782.0,4089250.0,73.61111111111111,40782.0,11:19:42,0.0
21/07/2021,09:57:00,09:57:10,V,40784.0,4089400.0,73.61111111111111,40784.0,11:19:44,0.0
21/07/2021,09:57:00,09:57:10,V,40812.0,4091490.0,74.72222222222221,40812.0,11:20:12,0.0
21/07/2021,09:57:00,09:57:10,V,,4091560.0,75.0,40813.068,11:20:13,0.0
21/07/2021,09:57:00,09:57:10,V,40814.0,4091620.0,75.0,40814.0,11:20:14,0.0
21/07/2021,09:57:00,09:57:10,V,40816.0,4091780.0,74.72222222222221,40816.0,11:20:16,0.0
21/07/2021,09:57:00,09:57:10,V,40818.0,4091920.0,74.44444444444444,40818.0,11:20:18,0.0
21/07/2021,09:57:00,09:57:10,V,,4092370.0,73.61111111111111,40824.31,11:20:24,0.0
21/07/2021,09:57:00,09:57:10,V,,4093030.0,72.22222222222221,40833.361,11:20:33,0.0
21/07/2021,09:57:00,09:57:10,V,,4093380.0,70.83333333333333,40838.254,11:20:38,0.0
21/07/2021,09:57:00,09:57:10,V,40848.0,4094050.0,70.0,40848.0,11:20:48,0.0
21/07/2021,09:57:00,09:57:10,V,,4094130.0,69.44444444444444,40849.43,11:20:49,0.0
21/07/2021,09:57:00,09:57:10,V,40850.0,4094150.0,69.44444444444444,40850.0,11:20:50,0.0
21/07/2021,09:57:00,09:57:10,V,,4094380.0,68.05555555555556,40853.59,11:20:54,0.0
21/07/2021,09:57:00,09:57:10,V,,4094620.0,66.66666666666667,40857.153,11:20:57,0.0
21/07/2021,09:57:00,09:57:10,V,,4094980.0,65.27777777777777,40862.61,11:21:03,0.0
21/07/2021,09:57:00,09:57:10,V,,4095540.0,63.888888888888886,40871.281,11:21:11,0.0
21/07/2021,09:57:00,09:57:10,V,,4096100.0,62.5,40880.143,11:21:20,0.0
21/07/2021,09:57:00,09:57:10,V,,4096670.0,61.11111111111111,40889.365,11:21:29,0.0
21/07/2021,09:57:00,09:57:10,V,,4097620.0,62.5,40904.736,11:21:45,0.0
21/07/2021,09:57:00,09:57:10,V,,4097960.0,63.888888888888886,40910.116,11:21:50,0.0
21/07/2021,09:57:00,09:57:10,V,,4098310.0,65.27777777777777,40915.535,11:21:56,0.0
21/07/2021,09:57:00,09:57:10,V,,4098660.0,66.66666666666667,40920.841,11:22:01,0.0
21/07/2021,09:57:00,09:57:10,V,,4099030.0,68.05555555555556,40926.333,11:22:06,0.0
21/07/2021,09:57:00,09:57:10,V,,4099410.0,69.44444444444444,40931.861,11:22:12,0.0
21/07/2021,09:57:00,09:57:10,V,,4101280.0,70.83333333333333,40958.522,11:22:39,0.0
21/07/2021,09:57:00,09:57:10,V,,4101790.0,72.22222222222221,40965.652,11:22:46,0.0
21/07/2021,09:57:00,09:57:10,V,,4103330.0,73.61111111111111,40986.772,11:23:07,0.0
21/07/2021,09:57:00,09:57:10,V,40998.0,4104140.0,73.88888888888889,40998.0,11:23:18,0.0
21/07/2021,09:57:00,09:57:10,V,41060.0,4108770.0,72.77777777777777,41060.0,11:24:20,0.0
21/07/2021,09:57:00,09:57:10,V,41062.0,4108890.0,72.77777777777777,41062.0,11:24:22,0.0
21/07/2021,09:57:00,09:57:10,V,,4109280.0,72.22222222222221,41067.72,11:24:28,0.0
21/07/2021,09:57:00,09:57:10,V,41070.0,4109420.0,72.22222222222221,41070.0,11:24:30,0.0
21/07/2021,09:57:00,09:57:10,V,41084.0,4110470.0,71.94444444444444,41084.0,11:24:44,0.0
21/07/2021,09:57:00,09:57:10,V,41086.0,4110560.0,71.66666666666667,41086.0,11:24:46,0.0
21/07/2021,09:57:00,09:57:10,V,,4110710.0,70.83333333333333,41088.354,11:24:48,0.0
21/07/2021,09:57:00,09:57:10,V,,4112080.0,72.22222222222221,41107.507,11:25:08,0.0
21/07/2021,09:57:00,09:57:10,V,41124.0,4113260.0,73.05555555555556,41124.0,11:25:24,0.0
21/07/2021,09:57:00,09:57:10,V,,4117950.0,73.61111111111111,41187.837,11:26:28,0.0
21/07/2021,09:57:00,09:57:10,V,,4119140.0,72.22222222222221,41204.157,11:26:44,0.0
21/07/2021,09:57:00,09:57:10,V,,4119800.0,70.83333333333333,41213.384,11:26:53,0.0
21/07/2021,09:57:00,09:57:10,V,,4120450.0,69.44444444444444,41222.652,11:27:03,0.0
21/07/2021,09:57:00,09:57:10,V,,4121020.0,68.05555555555556,41230.943,11:27:11,0.0
21/07/2021,09:57:00,09:57:10,V,41236.0,4121370.0,67.22222222222221,41236.0,11:27:16,0.0
21/07/2021,09:57:00,09:57:10,V,,4121460.0,66.66666666666667,41237.447,11:27:17,0.0
21/07/2021,09:57:00,09:57:10,V,41238.0,4121490.0,66.66666666666667,41238.0,11:27:18,0.0
21/07/2021,09:57:00,09:57:10,V,,4121690.0,65.27777777777777,41240.258,11:27:20,0.0
21/07/2021,09:57:00,09:57:10,V,,4121920.0,63.888888888888886,41243.819,11:27:24,0.0
21/07/2021,09:57:00,09:57:10,V,,4122140.0,62.5,41247.3,11:27:27,0.0
21/07/2021,09:57:00,09:57:10,V,,4123370.0,63.888888888888886,41266.764,11:27:47,0.0
21/07/2021,09:57:00,09:57:10,V,,4123710.0,65.27777777777777,41272.029,11:27:52,0.0
21/07/2021,09:57:00,09:57:10,V,,4124070.0,66.66666666666667,41277.485,11:27:57,0.0
21/07/2021,09:57:00,09:57:10,V,,4124430.0,68.05555555555556,41282.83,11:28:03,0.0
21/07/2021,09:57:00,09:57:10,V,,4124820.0,69.44444444444444,41288.503,11:28:09,0.0
21/07/2021,09:57:00,09:57:10,V,,4125220.0,70.83333333333333,41294.205,11:28:14,0.0
21/07/2021,09:57:00,09:57:10,V,,4125610.0,72.22222222222221,41299.658,11:28:20,0.0
21/07/2021,09:57:00,09:57:10,V,,4126030.0,73.61111111111111,41305.418,11:28:25,0.0
21/07/2021,09:57:00,09:57:10,V,41306.0,4126130.0,73.88888888888889,41306.0,11:28:26,0.0
21/07/2021,09:57:00,09:57:10,V,41308.0,4126150.0,73.88888888888889,41308.0,11:28:28,0.0
21/07/2021,09:57:00,09:57:10,V,41312.0,4126430.0,74.44444444444444,41312.0,11:28:32,0.0
21/07/2021,09:57:00,09:57:10,V,41314.0,4126690.0,73.88888888888889,41314.0,11:28:34,0.0
21/07/2021,09:57:00,09:57:10,V,41316.0,4126800.0,73.33333333333333,41316.0,11:28:36,0.0
21/07/2021,09:57:00,09:57:10,V,41318.0,4126870.0,73.05555555555556,41318.0,11:28:38,0.0
21/07/2021,09:57:00,09:57:10,V,,4126940.0,72.22222222222221,41318.345,11:28:38,0.0
21/07/2021,09:57:00,09:57:10,V,,4127100.0,70.83333333333333,41320.582,11:28:41,0.0
21/07/2021,09:57:00,09:57:10,V,,4127230.0,69.44444444444444,41322.435,11:28:42,0.0
21/07/2021,09:57:00,09:57:10,V,41324.0,4127380.0,68.05555555555556,41324.0,11:28:44,0.0
21/07/2021,09:57:00,09:57:10,V,,4127510.0,66.66666666666667,41325.882,11:28:46,0.0
21/07/2021,09:57:00,09:57:10,V,,4127660.0,65.27777777777777,41328.156,11:28:48,0.0
21/07/2021,09:57:00,09:57:10,V,,4127820.0,63.888888888888886,41330.633,11:28:51,0.0
21/07/2021,09:57:00,09:57:10,V,,4128020.0,62.5,41333.798,11:28:54,0.0
21/07/2021,09:57:00,09:57:10,V,41336.0,4128160.0,61.94444444444444,41336.0,11:28:56,0.0
21/07/2021,09:57:00,09:57:10,V,41338.0,4128210.0,61.666666666666664,41338.0,11:28:58,0.0
21/07/2021,09:57:00,09:57:10,V,,4128280.0,61.11111111111111,41338.996,11:28:59,0.0
21/07/2021,09:57:00,09:57:10,V,41340.0,4128350.0,60.83333333333333,41340.0,11:29:00,0.0
21/07/2021,09:57:00,09:57:10,V,,4128480.0,59.72222222222222,41341.827,11:29:02,0.0
21/07/2021,09:57:00,09:57:10,V,41342.0,4128510.0,59.72222222222222,41342.0,11:29:02,0.0
21/07/2021,09:57:00,09:57:10,V,41344.0,4128570.0,59.44444444444444,41344.0,11:29:04,0.0
21/07/2021,09:57:00,09:57:10,V,41350.0,4128920.0,58.61111111111111,41350.0,11:29:10,0.0
21/07/2021,09:57:00,09:57:10,V,,4129170.0,58.33333333333333,41353.553,11:29:14,0.0
21/07/2021,09:57:00,09:57:10,V,41364.0,4129820.0,58.05555555555556,41364.0,11:29:24,0.0
21/07/2021,09:57:00,09:57:10,V,41366.0,4129840.0,57.77777777777778,41366.0,11:29:26,0.0
21/07/2021,09:57:00,09:57:10,V,41368.0,4129980.0,57.5,41368.0,11:29:28,0.0
21/07/2021,09:57:00,09:57:10,V,,4130060.0,56.94444444444444,41369.171,11:29:29,0.0
21/07/2021,09:57:00,09:57:10,V,41370.0,4130120.0,56.666666666666664,41370.0,11:29:30,0.0
21/07/2021,09:57:00,09:57:10,V,,4130310.0,55.55555555555556,41373.152,11:29:33,0.0
21/07/2021,09:57:00,09:57:10,V,41374.0,4130370.0,55.27777777777778,41374.0,11:29:34,0.0
21/07/2021,09:57:00,09:57:10,V,,4130500.0,54.166666666666664,41376.665,11:29:37,0.0
21/07/2021,09:57:00,09:57:10,V,,4130750.0,52.77777777777778,41381.34,11:29:41,0.0
21/07/2021,09:57:00,09:57:10,V,,4131280.0,51.388888888888886,41391.516,11:29:52,0.0
21/07/2021,09:57:00,09:57:10,V,41392.0,4131290.0,51.388888888888886,41392.0,11:29:52,0.0
21/07/2021,09:57:00,09:57:10,V,,4132170.0,50.0,41409.079,11:30:09,0.0
21/07/2021,09:57:00,09:57:10,V,41412.0,4132330.0,50.0,41412.0,11:30:12,0.0
21/07/2021,09:57:00,09:57:10,V,,4133080.0,51.388888888888886,41426.543,11:30:27,0.0
21/07/2021,09:57:00,09:57:10,V,41444.0,4133990.0,51.388888888888886,41444.0,11:30:44,0.0
21/07/2021,09:57:00,09:57:10,V,41448.0,4134120.0,51.388888888888886,41448.0,11:30:48,0.0
21/07/2021,09:57:00,09:57:10,V,,4134610.0,52.77777777777778,41457.383,11:30:57,0.0
21/07/2021,09:57:00,09:57:10,V,,4134930.0,54.166666666666664,41463.367,11:31:03,0.0
21/07/2021,09:57:00,09:57:10,V,,4135220.0,55.55555555555556,41468.653,11:31:09,0.0
21/07/2021,09:57:00,09:57:10,V,,4135530.0,56.94444444444444,41474.164,11:31:14,0.0
21/07/2021,09:57:00,09:57:10,V,,4135860.0,58.33333333333333,41479.889,11:31:20,0.0
21/07/2021,09:57:00,09:57:10,V,,4136200.0,59.72222222222222,41485.649,11:31:26,0.0
21/07/2021,09:57:00,09:57:10,V,,4136550.0,61.11111111111111,41491.443,11:31:31,0.0
21/07/2021,09:57:00,09:57:10,V,,4136900.0,62.5,41497.105,11:31:37,0.0
21/07/2021,09:57:00,09:57:10,V,,4137230.0,63.888888888888886,41502.327,11:31:42,0.0
21/07/2021,09:57:00,09:57:10,V,,4137590.0,65.27777777777777,41507.902,11:31:48,0.0
21/07/2021,09:57:00,09:57:10,V,,4137970.0,66.66666666666667,41513.662,11:31:54,0.0
21/07/2021,09:57:00,09:57:10,V,,4138370.0,68.05555555555556,41519.6,11:32:00,0.0
21/07/2021,09:57:00,09:57:10,V,,4138820.0,69.44444444444444,41526.145,11:32:06,0.0
21/07/2021,09:57:00,09:57:10,V,41530.0,4139090.0,69.72222222222221,41530.0,11:32:10,0.0
21/07/2021,09:57:00,09:57:10,V,,4141290.0,70.83333333333333,41560.72,11:32:41,0.0
21/07/2021,09:57:00,09:57:10,V,,4141970.0,72.22222222222221,41570.226,11:32:50,0.0
21/07/2021,09:57:00,09:57:10,V,,4144040.0,73.61111111111111,41598.615,11:33:19,0.0
21/07/2021,09:57:00,09:57:10,V,41614.0,4145220.0,74.16666666666667,41614.0,11:33:34,0.0
21/07/2021,09:57:00,09:57:10,V,41616.0,4145310.0,73.88888888888889,41616.0,11:33:36,0.0
21/07/2021,09:57:00,09:57:10,V,41618.0,4145380.0,73.88888888888889,41618.0,11:33:38,0.0
21/07/2021,09:57:00,09:57:10,V,,4145850.0,72.22222222222221,41624.161,11:33:44,0.0
21/07/2021,09:57:00,09:57:10,V,,4146750.0,70.83333333333333,41636.743,11:33:57,0.0
21/07/2021,09:57:00,09:57:10,V,41640.0,4147000.0,70.83333333333333,41640.0,11:34:00,0.0
21/07/2021,09:57:00,09:57:10,V,41642.0,4147170.0,71.11111111111111,41642.0,11:34:02,0.0
21/07/2021,09:57:00,09:57:10,V,41650.0,4147750.0,71.11111111111111,41650.0,11:34:10,0.0
21/07/2021,09:57:00,09:57:10,V,41652.0,4147890.0,71.11111111111111,41652.0,11:34:12,0.0
21/07/2021,09:57:00,09:57:10,V,,4148420.0,72.22222222222221,41659.782,11:34:20,0.0
21/07/2021,09:57:00,09:57:10,V,,4149710.0,73.61111111111111,41677.473,11:34:37,0.0
21/07/2021,09:57:00,09:57:10,V,,4151960.0,75.0,41707.754,11:35:08,0.0
21/07/2021,09:57:00,09:57:10,V,41712.0,4152250.0,75.27777777777777,41712.0,11:35:12,0.0
21/07/2021,09:57:00,09:57:10,V,41714.0,4152360.0,75.55555555555556,41714.0,11:35:14,0.0
21/07/2021,09:57:00,09:57:10,V,41722.0,4153060.0,75.55555555555556,41722.0,11:35:22,0.0
21/07/2021,09:57:00,09:57:10,V,41724.0,4153200.0,75.0,41724.0,11:35:24,0.0
21/07/2021,09:57:00,09:57:10,V,41816.0,4160110.0,75.27777777777777,41816.0,11:36:56,0.0
21/07/2021,09:57:00,09:57:10,V,41818.0,4160250.0,75.27777777777777,41818.0,11:36:58,0.0
21/07/2021,09:57:00,09:57:10,V,41848.0,4162440.0,74.16666666666667,41848.0,11:37:28,0.0
21/07/2021,09:57:00,09:57:10,V,,4162580.0,73.61111111111111,41849.37,11:37:29,0.0
21/07/2021,09:57:00,09:57:10,V,41868.0,4163990.0,73.61111111111111,41868.0,11:37:48,0.0
21/07/2021,09:57:00,09:57:10,V,41870.0,4164040.0,73.61111111111111,41870.0,11:37:50,0.0
21/07/2021,09:57:00,09:57:10,V,41878.0,4164630.0,74.72222222222221,41878.0,11:37:58,0.0
21/07/2021,09:57:00,09:57:10,V,,4164840.0,75.0,41880.109,11:38:00,0.0
21/07/2021,09:57:00,09:57:10,V,41908.0,4166980.0,74.72222222222221,41908.0,11:38:28,0.0
21/07/2021,09:57:00,09:57:10,V,41910.0,4167100.0,74.72222222222221,41910.0,11:38:30,0.0
21/07/2021,09:57:00,09:57:10,V,41914.0,4167340.0,74.44444444444444,41914.0,11:38:34,0.0
21/07/2021,09:57:00,09:57:10,V,,4167890.0,73.61111111111111,41920.719,11:38:41,0.0
21/07/2021,09:57:00,09:57:10,V,,4170090.0,75.0,41950.326,11:39:10,0.0
21/07/2021,09:57:00,09:57:10,V,41958.0,4170720.0,75.27777777777777,41958.0,11:39:18,0.0
21/07/2021,09:57:00,09:57:10,V,41960.0,4170820.0,75.27777777777777,41960.0,11:39:20,0.0
21/07/2021,09:57:00,09:57:10,V,,4172030.0,73.61111111111111,41976.382,11:39:36,0.0
21/07/2021,09:57:00,09:57:10,V,,4172470.0,72.22222222222221,41982.416,11:39:42,0.0
21/07/2021,09:57:00,09:57:10,V,,4173060.0,70.83333333333333,41990.665,11:39:51,0.0
21/07/2021,09:57:00,09:57:10,V,,4173650.0,69.44444444444444,41999.077,11:39:59,0.0
21/07/2021,09:57:00,09:57:10,V,42006.0,4174120.0,68.88888888888889,42006.0,11:40:06,0.0
21/07/2021,09:57:00,09:57:10,V,42008.0,4174210.0,68.88888888888889,42008.0,11:40:08,0.0
21/07/2021,09:57:00,09:57:10,V,,4174660.0,68.05555555555556,42014.551,11:40:15,0.0
21/07/2021,09:57:00,09:57:10,V,42016.0,4174760.0,68.05555555555556,42016.0,11:40:16,0.0
21/07/2021,09:57:00,09:57:10,V,42026.0,4175440.0,68.33333333333333,42026.0,11:40:26,0.0
21/07/2021,09:57:00,09:57:10,V,42028.0,4175690.0,67.5,42028.0,11:40:28,0.0
21/07/2021,09:57:00,09:57:10,V,,4175930.0,66.66666666666667,42031.887,11:40:32,0.0
21/07/2021,09:57:00,09:57:10,V,42034.0,4176050.0,66.38888888888889,42034.0,11:40:34,0.0
21/07/2021,09:57:00,09:57:10,V,,4176350.0,65.27777777777777,42038.533,11:40:39,0.0
21/07/2021,09:57:00,09:57:10,V,,4176760.0,63.888888888888886,42044.881,11:40:45,0.0
21/07/2021,09:57:00,09:57:10,V,,4177540.0,62.5,42057.224,11:40:57,0.0
21/07/2021,09:57:00,09:57:10,V,42058.0,4177590.0,62.5,42058.0,11:40:58,0.0
21/07/2021,09:57:00,09:57:10,V,,4178280.0,61.11111111111111,42069.708,11:41:10,0.0
21/07/2021,09:57:00,09:57:10,V,42092.0,4179600.0,60.27777777777778,42092.0,11:41:32,0.0
21/07/2021,09:57:00,09:57:10,V,42098.0,4179960.0,60.55555555555556,42098.0,11:41:38,0.0
21/07/2021,09:57:00,09:57:10,V,42100.0,4180200.0,60.27777777777778,42100.0,11:41:40,0.0
21/07/2021,09:57:00,09:57:10,V,,4180440.0,59.72222222222222,42103.929,11:41:44,0.0
21/07/2021,09:57:00,09:57:10,V,,4180870.0,58.33333333333333,42111.214,11:41:51,0.0
21/07/2021,09:57:00,09:57:10,V,42112.0,4180920.0,58.33333333333333,42112.0,11:41:52,0.0
21/07/2021,09:57:00,09:57:10,V,42116.0,4181030.0,57.77777777777778,42116.0,11:41:56,0.0
21/07/2021,09:57:00,09:57:10,V,42130.0,4181840.0,58.33333333333333,42130.0,11:42:10,0.0
21/07/2021,09:57:00,09:57:10,V,42158.0,4183540.0,57.22222222222222,42158.0,11:42:38,0.0
21/07/2021,09:57:00,09:57:10,V,,4183700.0,55.55555555555556,42161.05,11:42:41,0.0
21/07/2021,09:57:00,09:57:10,V,,4183840.0,54.166666666666664,42163.602,11:42:44,0.0
21/07/2021,09:57:00,09:57:10,V,42164.0,4183850.0,54.166666666666664,42164.0,11:42:44,0.0
21/07/2021,09:57:00,09:57:10,V,,4183990.0,52.77777777777778,42166.078,11:42:46,0.0
21/07/2021,09:57:00,09:57:10,V,,4184150.0,51.388888888888886,42169.15,11:42:49,0.0
21/07/2021,09:57:00,09:57:10,V,,4184390.0,50.0,42173.884,11:42:54,0.0
21/07/2021,09:57:00,09:57:10,V,42180.0,4184720.0,49.166666666666664,42180.0,11:43:00,0.0
21/07/2021,09:57:00,09:57:10,V,,4184790.0,48.61111111111111,42181.785,11:43:02,0.0
21/07/2021,09:57:00,09:57:10,V,42184.0,4184880.0,48.05555555555556,42184.0,11:43:04,0.0
21/07/2021,09:57:00,09:57:10,V,,4184970.0,47.22222222222222,42185.674,11:43:06,0.0
21/07/2021,09:57:00,09:57:10,V,,4185120.0,45.833333333333336,42188.898,11:43:09,0.0
21/07/2021,09:57:00,09:57:10,V,42190.0,4185180.0,45.27777777777778,42190.0,11:43:10,0.0
21/07/2021,09:57:00,09:57:10,V,42192.0,4185210.0,45.27777777777778,42192.0,11:43:12,0.0
21/07/2021,09:57:00,09:57:10,V,,4185320.0,44.44444444444444,42193.983,11:43:14,0.0
21/07/2021,09:57:00,09:57:10,V,42216.0,4186310.0,43.61111111111111,42216.0,11:43:36,0.0
21/07/2021,09:57:00,09:57:10,V,42218.0,4186350.0,43.61111111111111,42218.0,11:43:38,0.0
21/07/2021,09:57:00,09:57:10,V,42222.0,4186590.0,43.333333333333336,42222.0,11:43:42,0.0
21/07/2021,09:57:00,09:57:10,V,42226.0,4186700.0,43.05555555555556,42226.0,11:43:46,0.0
21/07/2021,09:57:00,09:57:10,V,42244.0,4187540.0,43.333333333333336,42244.0,11:44:04,0.0
21/07/2021,09:57:00,09:57:10,V,42246.0,4187600.0,43.05555555555556,42246.0,11:44:06,0.0
21/07/2021,09:57:00,09:57:10,V,,4187800.0,41.666666666666664,42251.001,11:44:11,0.0
21/07/2021,09:57:00,09:57:10,V,42252.0,4187830.0,41.666666666666664,42252.0,11:44:12,0.0
21/07/2021,09:57:00,09:57:10,V,,4188010.0,40.27777777777778,42255.824,11:44:16,0.0
21/07/2021,09:57:00,09:57:10,V,42256.0,4188040.0,40.27777777777778,42256.0,11:44:16,0.0
21/07/2021,09:57:00,09:57:10,V,42258.0,4188050.0,40.0,42258.0,11:44:18,0.0
21/07/2021,09:57:00,09:57:10,V,,4188230.0,38.888888888888886,42261.41,11:44:21,0.0
21/07/2021,09:57:00,09:57:10,V,,4188390.0,37.5,42265.599,11:44:26,0.0
21/07/2021,09:57:00,09:57:10,V,,4188540.0,36.11111111111111,42269.674,11:44:30,0.0
21/07/2021,09:57:00,09:57:10,V,,4188710.0,34.72222222222222,42274.474,11:44:34,0.0
21/07/2021,09:57:00,09:57:10,V,42278.0,4188860.0,33.888888888888886,42278.0,11:44:38,0.0
21/07/2021,09:57:00,09:57:10,V,42280.0,4188870.0,33.888888888888886,42280.0,11:44:40,0.0
21/07/2021,09:57:00,09:57:10,V,,4188940.0,33.333333333333336,42281.219,11:44:41,0.0
21/07/2021,09:57:00,09:57:10,V,,4189290.0,31.944444444444443,42291.943,11:44:52,0.0
21/07/2021,09:57:00,09:57:10,V,,4189650.0,30.555555555555554,42303.463,11:45:03,0.0
21/07/2021,09:57:00,09:57:10,V,42306.0,4189760.0,30.27777777777778,42306.0,11:45:06,0.0
21/07/2021,09:57:00,09:57:10,V,42308.0,4189770.0,30.27777777777778,42308.0,11:45:08,0.0
21/07/2021,09:57:00,09:57:10,V,,4189990.0,29.166666666666664,42315.005,11:45:15,0.0
21/07/2021,09:57:00,09:57:10,V,,4190310.0,27.77777777777778,42326.244,11:45:26,0.0
21/07/2021,09:57:00,09:57:10,V,,4190500.0,26.38888888888889,42333.26,11:45:33,0.0
21/07/2021,09:57:00,09:57:10,V,42334.0,4190530.0,26.38888888888889,42334.0,11:45:34,0.0
21/07/2021,09:57:00,09:57:10,V,42340.0,4190690.0,25.555555555555554,42340.0,11:45:40,0.0
21/07/2021,09:57:00,09:57:10,V,42342.0,4190730.0,25.27777777777778,42342.0,11:45:42,0.0
21/07/2021,09:57:00,09:57:10,V,,4190740.0,25.0,42342.581,11:45:43,0.0
21/07/2021,09:57:00,09:57:10,V,42346.0,4190820.0,24.444444444444443,42346.0,11:45:46,0.0
21/07/2021,09:57:00,09:57:10,V,42350.0,4190950.0,24.166666666666664,42350.0,11:45:50,0.0
21/07/2021,09:57:00,09:57:10,V,42352.0,4190990.0,24.166666666666664,42352.0,11:45:52,0.0
21/07/2021,09:57:00,09:57:10,V,42364.0,4191280.0,24.166666666666664,42364.0,11:46:04,0.0
21/07/2021,09:57:00,09:57:10,V,42366.0,4191330.0,24.166666666666664,42366.0,11:46:06,0.0
21/07/2021,09:57:00,09:57:10,V,42374.0,4191530.0,24.166666666666664,42374.0,11:46:14,0.0
21/07/2021,09:57:00,09:57:10,V,42376.0,4191540.0,24.166666666666664,42376.0,11:46:16,0.0
21/07/2021,09:57:00,09:57:10,V,42396.0,4192020.0,24.444444444444443,42396.0,11:46:36,0.0
21/07/2021,09:57:00,09:57:10,V,42408.0,4192330.0,25.0,42408.0,11:46:48,0.0
21/07/2021,09:57:00,09:57:10,V,42450.0,4193380.0,24.444444444444443,42450.0,11:47:30,0.0
21/07/2021,09:57:00,09:57:10,V,42452.0,4193400.0,24.444444444444443,42452.0,11:47:32,0.0
21/07/2021,09:57:00,09:57:10,V,42460.0,4193600.0,24.444444444444443,42460.0,11:47:40,0.0
21/07/2021,09:57:00,09:57:10,V,42518.0,4195030.0,24.166666666666664,42518.0,11:48:38,0.0
21/07/2021,09:57:00,09:57:10,V,,4195090.0,23.61111111111111,42520.522,11:48:41,0.0
21/07/2021,09:57:00,09:57:10,V,,4195300.0,22.22222222222222,42529.686,11:48:50,0.0
21/07/2021,09:57:00,09:57:10,V,,4195520.0,20.833333333333332,42539.905,11:49:00,0.0
21/07/2021,09:57:00,09:57:10,V,,4195720.0,19.444444444444443,42549.836,11:49:10,0.0
21/07/2021,09:57:00,09:57:10,V,,4195900.0,18.055555555555554,42559.436,11:49:19,0.0
21/07/2021,09:57:00,09:57:10,V,42560.0,4195910.0,18.055555555555554,42560.0,11:49:20,0.0
21/07/2021,09:57:00,09:57:10,V,42566.0,4196010.0,17.22222222222222,42566.0,11:49:26,0.0
21/07/2021,09:57:00,09:57:10,V,,4196080.0,16.666666666666668,42569.553,11:49:30,0.0
21/07/2021,09:57:00,09:57:10,V,42572.0,4196130.0,16.38888888888889,42572.0,11:49:32,0.0
21/07/2021,09:57:00,09:57:10,V,42576.0,4196170.0,16.11111111111111,42576.0,11:49:36,0.0
21/07/2021,09:57:00,09:57:10,V,42592.0,4196430.0,15.833333333333332,42592.0,11:49:52,0.0
21/07/2021,09:57:00,09:57:10,V,42594.0,4196470.0,15.833333333333332,42594.0,11:49:54,0.0
21/07/2021,09:57:00,09:57:10,V,42600.0,4196570.0,15.833333333333332,42600.0,11:50:00,0.0
21/07/2021,09:57:00,09:57:10,V,42602.0,4196610.0,15.555555555555555,42602.0,11:50:02,0.0
21/07/2021,09:57:00,09:57:10,V,42626.0,4196980.0,16.38888888888889,42626.0,11:50:26,0.0
21/07/2021,09:57:00,09:57:10,V,,4197140.0,18.055555555555554,42635.123,11:50:35,0.0
21/07/2021,09:57:00,09:57:10,V,,4197240.0,19.444444444444443,42640.456,11:50:40,0.0
21/07/2021,09:57:00,09:57:10,V,,4197390.0,20.833333333333332,42647.904,11:50:48,0.0
21/07/2021,09:57:00,09:57:10,V,42652.0,4197480.0,21.38888888888889,42652.0,11:50:52,0.0
21/07/2021,09:57:00,09:57:10,V,42654.0,4197500.0,21.38888888888889,42654.0,11:50:54,0.0
21/07/2021,09:57:00,09:57:10,V,42664.0,4197740.0,21.11111111111111,42664.0,11:51:04,0.0
21/07/2021,09:57:00,09:57:10,V,42670.0,4197840.0,21.11111111111111,42670.0,11:51:10,0.0
21/07/2021,09:57:00,09:57:10,V,,4198150.0,19.444444444444443,42684.831,11:51:25,0.0
21/07/2021,09:57:00,09:57:10,V,42688.0,4198220.0,19.166666666666668,42688.0,11:51:28,0.0
21/07/2021,09:57:00,09:57:10,V,42700.0,4198440.0,18.61111111111111,42700.0,11:51:40,0.0
21/07/2021,09:57:00,09:57:10,V,42702.0,4198470.0,18.333333333333332,42702.0,11:51:42,0.0
21/07/2021,09:57:00,09:57:10,V,,4198500.0,18.055555555555554,42703.194,11:51:43,0.0
21/07/2021,09:57:00,09:57:10,V,,4198760.0,16.666666666666668,42718.17,11:51:58,0.0
21/07/2021,09:57:00,09:57:10,V,42728.0,4198930.0,16.38888888888889,42728.0,11:52:08,0.0
21/07/2021,09:57:00,09:57:10,V,42734.0,4199000.0,16.38888888888889,42734.0,11:52:14,0.0
21/07/2021,09:57:00,09:57:10,V,42764.0,4199510.0,15.833333333333332,42764.0,11:52:44,0.0
21/07/2021,09:57:00,09:57:10,V,42766.0,4199520.0,15.833333333333332,42766.0,11:52:46,0.0
21/07/2021,09:57:00,09:57:10,V,,4199550.0,15.277777777777777,42767.637,11:52:48,0.0
21/07/2021,09:57:00,09:57:10,V,42768.0,4199560.0,15.277777777777777,42768.0,11:52:48,0.0
21/07/2021,09:57:00,09:57:10,V,,4199610.0,13.88888888888889,42771.316,11:52:51,0.0
21/07/2021,09:57:00,09:57:10,V,,4199660.0,12.5,42775.105,11:52:55,0.0
21/07/2021,09:57:00,09:57:10,V,,4199690.0,11.666666666666666,42777.588,11:52:58,0.0
21/07/2021,09:57:00,09:57:10,V,,4199710.0,11.11111111111111,42779.344,11:52:59,0.0
21/07/2021,09:57:00,09:57:10,V,42782.0,4199740.0,10.555555555555555,42782.0,11:53:02,0.0
21/07/2021,09:57:00,09:57:10,V,,4199760.0,9.722222222222221,42783.945,11:53:04,0.0
21/07/2021,09:57:00,09:57:10,V,,4199790.0,8.88888888888889,42787.169,11:53:07,0.0
21/07/2021,09:57:00,09:57:10,V,,4199810.0,8.333333333333334,42789.492,11:53:09,0.0
21/07/2021,09:57:00,09:57:10,V,,4199830.0,7.5,42792.018,11:53:12,0.0
21/07/2021,09:57:00,09:57:10,V,,4199840.0,6.944444444444445,42793.403,11:53:13,0.0
21/07/2021,09:57:00,09:57:10,V,,4199860.0,6.111111111111111,42796.467,11:53:16,0.0
21/07/2021,09:57:00,09:57:10,V,,4199870.0,5.555555555555555,42798.181,11:53:18,0.0
21/07/2021,09:57:00,09:57:10,V,42800.0,4199880.0,5.277777777777778,42800.0,11:53:20,0.0
21/07/2021,09:57:00,09:57:10,V,,4199890.0,4.722222222222222,42801.509,11:53:22,0.0
21/07/2021,09:57:00,09:57:10,V,,4199910.0,4.166666666666667,42806.009,11:53:26,0.0
21/07/2021,09:57:00,09:57:10,V,42808.0,4199920.0,3.888888888888889,42808.0,11:53:28,0.0
21/07/2021,09:57:00,09:57:10,V,,4199930.0,2.7777777777777777,43032.9,11:57:13,0.0
21/07/2021,09:57:00,09:57:10,V,43262.0,4199940.0,0.0,43262.0,12:01:02,0.0
