Participants;Date ;Departure_hour;Departure_min;Order;Age;Sex;Laterality;Direction;Hour_1;min_1;Knowledge_distance;Distance;Knowledge_time;Time_hour;Time_min;Max_speed;Hour_2;min_2;Inst_Speed_graphic;Inst_Speed_num;Inst_Speed_conf;Av_speed_graphic;Av_speed_num;Av_speed_confidence;Hour_3;min_3;Time_graphic;Time_hour_num;Time_min_num;Time_conf;Over_or_Underestimation;Hour_4;min_4;Dist_graph;Dist_num;Dist_conf;Hour_5;min_5;Speed_of_time;Homogeneity ;Sadness;Hapiness ;Boredom;Dist_Strat;Time_Strat;Speed_Strat;creusot;
1;14/04/2021;13;52;1;;;;2;14;38;0;600;1;2;15;295;14;39;90;120;3;129;160;2;14;40;;1;10;3;2;14;41;3;250;2;14;42;2;3;1;4;1;1;2;2;0;
2;14/04/2021;13;52;2;;;;2;14;49;1;600;1;7;30;250;14;50;;250;3;;200;3;14;52;54;1;0;3;3;14;51;1,2;150;2;14;53;3;3;1;3;2;1;1;1;0;
3;14/04/2021;17;14;4;;;;1;17;18;0;500;0;1;55;315;17;20;114;260;3;;250;3;17;19;20;0;10;3;;17;21;0,8;100;3;17;22;3;3;1;;1;;;;0;
4;14/04/2021;17;14;6;;;;2;17;18;1;490;1;2;5;365;17;22;50;75;3;33;30;3;17;20;21;0;16;3;;17;21;0,4;30;3;17;23;2;3;1;3;2;2;4;2;0;
5;14/04/2021;17;14;5;;;;NaN;17;24;0;500;1;2;0;320;17;25;128;290;2;97;190;2;17;26;45;0;10;3;2;17;25;0,6;30;2;17;27;4;1;1;3;1;2;4;2;0;
6;14/04/2021;17;14;3;;;;NaN;18;57;0;500;0;1;58;200;19;0;;120;2;;200;2;18;59;337;2;0;3;3;18;58;5,7;460;3;19;1;4;3;1;4;1;;;;0;
7;14/04/2021;17;14;1;;;;1;18;6;0;490;1;2;10;200;18;6;;130;1;;130;1;18;10;180;0;50;3;;18;12;2,8;200;2;18;53;3;1;1;3;1;2;2;2;0;
8;14/04/2021;17;14;2;;;;1;17;30;0;400;1;1;56;300;17;32;;200;3;;100;3;17;34;31;0;15;3;2;17;33;;30;3;18;56;2;3;2;3;3;5;4;5;0;
9;14/04/2021;17;14;4;;;;1;17;44;0;400;1;2;5;200;17;48;146;200;3;;200;2;17;46;144;0;45;3;3;17;49;2,8;200;2;18;24;3;2;1;4;1;1;2;2;0;
10;14/04/2021;17;14;6;;;;1;18;9;0;1000;1;2;0;300;18;13;117;300;2;92;250;2;18;11;180;1;0;4;2;18;12;2,7;500;2;18;58;3;1;1;3;1;1;4;5;0;
11;22/04/2021;16;4;1;;;;2;11;33;0;300;1;2;5;300;11;34;115;200;2;88;120;2;11;35;106;0;36;2;3;11;36;1,9;100;2;11;37;2;2;2;2;2;1;2;2;0;
12;14/04/2021;17;14;3;;;;1;17;55;1;280;1;2;10;140;17;59;;140;2;;110;2;17;56;113;0;40;3;3;17;55;2,1;100;3;18;0;;;;;;;;;0;
13;22/04/2021;11;0;2;;;;1;11;40;1;300;1;2;0;490;11;41;;300;3;;350;2;11;43;151;0;45;3;2;11;42;2;70;3;11;44;2;2;2;3;2;2;2;2;0;
14;22/04/2021;11;0;4;;;;2;12;0;1;425;1;2;0;200;11;42;162;190;3;145;170;2;11;41;199;1;5;3;3;11;43;3,5;220;3;11;44;3;3;1;2;1;3;4;2;0;
15;22/04/2021;11;0;6;;;;2;12;5;1;200;1;2;0;300;12;8;175;300;2;111;250;2;12;6;243;1;20;2;3;12;7;3,4;100;2;12;9;2;2;2;2;1;3;4;5;0;
16;22/04/2021;11;0;5;;;;NaN;;;0;400;1;2;5;80;;;100;70;2;122;;;;;348;2;0;4;2;;;5,5;360;1;;;3;1;1;3;3;;;;0;
17;22/04/2021;16;4;3;;;;1;16;8;0;480;1;2;10;250;16;10;65;100;3;;210;2;16;10;28;0;10;3;3;16;9;0,5;10;4;16;11;4;1;1;2;2;2;2;2;0;
18;27/05/2021;11;0;1;;;;2;11;52;0;260;1;2;30;250;11;53;136;230;3;137;230;3;11;54;52;0;30;3;2;11;56;2,5;80;2;11;57;3;3;1;3;1;;;;0;
19;27/05/2021;11;0;1;;;;1;11;52;0;375;1;1;55;200;11;53;142;150;2;140;150;2;11;54;182;1;5;3;3;11;55;3,3;200;2;11;56;3;3;2;3;2;;;;0;
20;27/05/2021;11;0;3;;;;2;12;12;0;400;1;1;56;300;12;15;119;150;2;114;200;2;12;14;249;1;15;3;2;12;13;4,8;200;1;12;16;3;2;1;3;1;5;2;2;0;
21;27/05/2021;16;4;3;;1;;1;17;36;0;450;0;2;0;230;17;59;125;220;2;116;200;3;17;38;331;1;45;3;3;17;57;5,8;380;3;18;0;3;2;1;2;1;2;2;2;0;
22;27/05/2021;11;0;5;;;;1;11;45;0;590;0;4;0;320;11;49;;250;3;;200;3;11;52;275;1;0;4;2;11;47;4,4;350;3;11;52;3;2;1;3;2;;;;0;
23;27/05/2021;11;0;1;;;;2;12;0;0;250;1;2;0;170;12;1;173;170;4;130;150;4;12;2;211;1;15;3;2;12;3;4,7;380;3;12;4;4;2;1;4;2;3;2;2;0;
24;27/05/2021;11;0;1;;;;2;12;0;0;600;1;2;0;270;12;1;131;275;3;103;225;3;12;2;188;1;0;3;2;12;3;3,95;250;2;12;4;3;3;1;3;2;3;2;5;0;
25;27/05/2021;11;0;6;;;;1;12;15;0;400;1;1;58;;12;18;;300;2;;300;2;12;16;289;1;20;3;3;12;17;4,6;;2;12;19;4;;1;;1;1;1;1;0;
26;27/05/2021;11;0;6;;;;2;12;22;0;600;1;1;0;300;12;25;;;;;;;12;23;;1;30;3;3;12;24;;;3;12;27;2;;1;2;1;;;;0;
27;27/05/2021;11;0;3;;;;1;12;34;0;400;1;2;0;300;12;37;67;100;2;120;260;3;12;36;311;1;36;3;2;12;35;5;300;2;12;38;4;3;1;3;1;2;4;2;0;
28;27/05/2021;11;0;3;;2;;2;12;14;0;400;1;1;57;350;12;18;;300;1;;250;1;12;17;225;1;15;4;3;12;16;4,8;300;1;12;19;1;1;1;2;4;1;4;1;0;
29;27/05/2021;16;4;6;;;;1;16;39;0;500;1;2;0;320;16;41;163;300;2;124;200;2;16;40;141;0;40;3;3;16;41;1,5;200;1;16;42;2;3;1;1;3;1;2;2;0;
30;02/06/2021;11;0;5;;;;1;11;26;0;450;1;2;9;360;11;28;156;275;3;129;220;3;11;29;78;0;30;4;2;11;27;1,5;120;2;11;29;3;2;1;4;3;3;5;2;0;
31;02/06/2021;11;0;5;;;;1;11;27;0;750;1;1;50;;11;29;164;;1;120;;1;11;29;89;0;30;2;2;11;28;2,1;300;1;11;30;3;1;1;4;1;1;1;1;0;
32;02/06/2021;11;0;2;;;;2;11;57;0;350;1;2;0;305;11;58;;230;3;;230;2;11;59;177;1;3;4;2;11;59;3,85;190;3;12;0;2;1;1;3;2;5;2;2;0;
33;02/06/2021;11;0;6;;;;2;12;10;0;500;1;1;56;320;12;13;149;300;3;;280;3;12;11;227;1;10;3;3;12;12;4,05;300;3;12;13;3;2;1;3;1;3;2;2;0;
34;02/06/2021;11;0;6;;;;1;12;19;0;450;1;1;56;300;12;21;107;180;2;110;200;2;12;20;179;1;0;3;2;12;21;3,1;200;2;12;22;2;2;1;3;1;1;1;2;0;
35;02/06/2021;11;0;2;;;;1;11;55;0;400;1;2;0;;11;56;;150;1;;130;1;12;58;329;1;45;2;2;11;57;5,6;350;1;12;59;3;2;1;3;1;;;;0;
36;01/06/2021;11;0;4;;;;1;12;23;0;550;1;1;56;;12;25;119;250;1;116;230;1;12;24;234;1;24;3;3;12;26;4,6;380;2;12;27;2;2;1;3;3;5;5;1;0;
37;01/06/2021;16;4;4;;;;1;17;15;0;600;1;1;15;220;17;19;120;200;1;;200;1;17;18;127;2;0;2;2;17;20;2,4;400;3;17;21;3;3;3;3;3;5;5;1;0;
38;02/06/2021;11;0;1;;1;;1;12;26;0;550;1;1;56;280;12;27;127;220;3;110;200;2;12;28;132;1;20;3;2;12;29;4,3;350;2;12;30;2;1;1;3;3;3;2;2;0;
39;02/06/2021;16;4;2;;1;;1;16;9;0;400;1;2;4;300;16;10;;45;3;;120;2;16;11;53;0;10;1;1;16;10;0,5;60;2;16;11;3;2;1;3;2;2;2;2;0;
40;02/06/2021;16;4;4;;1;;1;16;16;0;530;1;1;56;340;16;17;90;150;2;;280;3;16;17;9;0;15;3;2;16;18;0,3;30;2;16;19;3;3;1;3;3;2;4;2;0;
41;02/06/2021;16;4;5;;1;;1;16;30;0;500;1;2;0;300;16;32;;270;3;;230;3;16;33;114;0;30;3;2;16;31;2,1;100;3;16;34;4;1;1;3;1;2;2;2;0;
42;02/06/2021;16;4;4;;2;;2;17;56;0;583;1;2;4;310;17;58;;310;2;;310;2;17;57;330;1;58;3;2;17;58;5,5;500;2;17;58;4;1;1;2;1;5;4;5;0;
43;02/06/2021;16;4;5;;2;;1;16;13;0;400;1;2;4;250;16;15;42;60;3;120;200;3;16;16;26;0;12;3;2;16;14;0,2;10;3;16;17;4;1;2;3;1;2;1;2;0;
44;02/06/2021;16;4;2;;1;;2;18;2;0;250;1;1;18;250;18;2;;70;2;139;210;2;18;3;354;1;15;2;2;18;3;5,9;245;2;18;4;3;2;1;3;3;1;1;1;1;
45;02/06/2021;16;4;4;;1;;1;17;58;0;200;1;1;20;300;18;0;87;110;3;99;200;3;17;59;334;1;6;3;2;18;1;5,45;200;3;18;2;3;2;1;3;1;2;4;5;1;
46;03/06/2021;16;4;3;;2;;1;16;10;0;540;1;1;56;300;16;13;44;50;2;86;100;2;16;12;22;0;5;2;2;16;11;;5;2;16;13;1;2;3;2;1;;;3;0;
47;03/06/2021;11;0;2;;2;;1;11;25;0;500;0;2;0;250;11;27;116;250;3;97;200;3;11;29;167;1;0;2;3;11;28;3,15;200;2;11;30;2;3;2;2;3;5;4;5;0;
48;03/06/2021;11;0;1;;2;;1;11;25;0;450;1;1;56;350;11;26;119;240;3;102;225;3;11;28;154;0;50;3;3;11;29;2,3;180;2;11;30;3;2;1;4;2;5;3;5;0;
49;03/06/2021;11;0;6;;2;;2;12;18;0;550;1;1;57;300;12;21;145;250;3;116;225;2;12;19;227;1;20;3;3;12;21;4,6;390;3;12;29;2;4;1;3;3;2;2;5;0;
50;03/06/2021;11;0;5;;1;;1;12;30;0;470;1;1;56;320;12;31;145;260;4;106;220;2;12;31;325;1;30;3;3;12;30;5;350;3;12;32;3;1;1;2;2;5;5;5;0;
51;03/06/2021;11;0;2;;1;;2;11;53;1;500;1;2;4;318;11;54;165;298;4;112;210;3;11;56;149;0;40;3;2;11;55;2,7;200;3;11;57;4;3;1;2;1;2;2;3;0;
52;03/06/2021;11;0;4;;2;;2;11;40;1;480;1;2;0;270;11;42;165;270;3;158;270;3;11;41;158;0;45;3;3;11;43;;250;3;11;44;4;3;1;3;1;1;1;1;0;
53;03/06/2021;11;0;2;;1;;2;12;15;1;500;1;2;0;420;12;16;;380;3;;350;3;12;18;257;1;15;3;2;12;17;4,1;320;2;12;19;3;2;1;1;2;2;2;2;0;
54;03/06/2021;11;0;4;;1;;1;12;20;0;700;1;3;30;300;12;22;;270;2;133;250;2;12;21;239;2;30;2;2;12;23;4,8;300;2;12;24;3;2;1;4;1;3;2;2;0;
55;03/06/2021;16;4;3;;1;;2;16;32;0;300;1;2;4;300;16;35;136;295;3;93;200;2;16;33;162;0;50;2;3;16;33;3,2;100;3;16;33;3;3;1;3;1;5;2;4;0;
56;03/06/2021;16;4;6;;2;;1;17;58;0;650;0;2;10;365;18;1;151;260;3;156;340;3;17;59;352;2;5;3;3;18;0;5,7;635;2;18;2;2;2;3;1;3;5;2;5;0;
57;03/06/2021;16;4;5;;2;;1;17;50;0;500;1;2;4;300;17;52;146;250;2;146;250;2;17;53;328;1;50;4;3;17;51;5,2;400;2;17;54;3;1;1;3;1;2;5;3;0;
58;03/06/2021;16;4;1;;2;;2;17;58;0;400;1;2;4;298;17;59;;260;2;;120;2;18;0;357;2;0;3;3;18;1;5,8;375;3;18;2;3;3;1;4;1;2;5;1;0;
59;08/06/2021;11;0;5;;2;;2;11;58;1;500;1;2;0;360;12;0;160;360;3;88;250;3;12;1;204;1;10;3;2;11;59;4,1;300;3;12;2;3;2;1;2;1;3;2;3;0;
60;08/06/2021;16;4;2;;2;;1;16;8;0;350;1;2;0;350;16;9;36;40;2;117;290;3;16;11;11;0;10;3;3;16;10;0,5;25;3;16;12;2;2;1;3;1;2;3;2;0;
61;08/06/2021;11;0;3;;1;;2;11;30;0;380;0;2;1;300;11;32;147;250;2;90;150;2;11;31;81;0;30;3;2;11;30;0,9;50;3;11;33;3;2;1;3;2;2;2;2;0;
62;08/06/2021;11;0;5;;1;;1;11;57;0;400;1;2;5;330;11;58;118;250;2;197;280;2;11;58;197;0;55;3;2;11;57;3;200;3;11;59;4;1;1;2;1;5;2;1;0;
63;08/06/2021;11;0;6;;2;;2;12;6;0;500;1;1;59;250;12;8;143;190;1;91;100;1;12;6;271;1;20;3;3;12;7;4,6;400;2;12;8;3;2;3;1;1;2;4;2;0;
64;08/06/2021;11;0;2;;2;;1;12;17;1;500;1;2;0;300;14;48;167;300;3;;250;3;12;20;250;1;20;4;;12;21;4,3;350;3;12;21;3;1;1;3;1;2;2;2;0;
65;08/06/2021;11;0;2;;1;;1;12;20;0;520;1;1;56;315;12;21;157;300;3;127;280;2;12;23;190;1;15;3;3;12;22;3,5;250;3;12;24;3;3;1;3;1;3;2;4;0;
66;08/06/2021;11;0;6;;2;;2;12;17;0;300;0;2;0;300;12;29;107;180;2;142;230;1;12;28;200;1;10;2;1;12;29;4;200;1;12;30;4;2;3;2;1;1;1;2;0;
67;08/06/2021;16;4;1;;2;;1;16;8;0;300;0;2;4;250;16;12;58;80;1;76;100;1;16;12;90;0;15;2;2;16;13;0,9;2;2;16;13;3;2;1;4;1;5;5;1;0;
68;08/06/2021;16;4;3;;1;;2;16;39;0;350;0;5;5;305;16;42;153;280;3;115;200;3;16;41;207;1;10;2;3;16;40;4,1;200;2;16;43;3;1;3;3;2;2;2;5;0;
69;08/06/2021;16;4;4;;1;;1;17;20;1;450;1;1;55;320;17;22;142;250;3;108;200;3;17;20;256;1;20;3;2;17;23;4,6;320;2;17;29;4;2;1;3;1;2;1;5;0;
70;08/06/2021;16;4;3;;2;;1;17;30;0;400;1;2;0;392;17;32;129;250;1;126;300;2;17;31;253;1;30;3;2;17;30;4,8;300;1;17;33;4;2;1;4;1;2;5;5;0;
71;09/06/2021;11;0;4;;2;;2;12;10;0;500;1;1;56;280;12;12;153;250;2;115;200;2;12;11;221;1;11;3;3;12;13;4,3;350;2;12;14;4;1;1;3;1;4;4;5;0;
72;09/06/2021;11;0;1;;2;;1;11;4;0;400;0;3;0;250;11;5;126;200;1;135;200;1;11;6;22;0;10;2;2;11;7;0,7;30;1;11;7;3;2;1;3;1;2;2;2;0;
73;09/06/2021;11;0;2;;2;;1;11;10;0;500;1;1;58;300;11;11;;300;2;;290;3;11;12;21;0;15;3;2;11;12;0,5;50;3;11;12;3;3;1;3;3;2;2;2;0;
74;09/06/2021;11;0;4;;1;;1;11;34;1;600;1;1;56;300;11;36;79;200;2;67;150;3;11;34;112;0;45;3;3;11;36;2;200;3;11;37;4;3;1;2;2;5;1;5;0;
75;09/06/2021;11;0;6;;1;;1;11;41;0;450;1;1;56;300;11;43;137;250;2;121;220;2;11;42;154;0;45;3;2;11;43;2,2;180;2;11;44;4;2;1;2;1;3;5;3;0;
76;09/06/2021;11;0;5;;2;;2;12;3;1;500;1;1;56;260;12;4;163;230;2;;240;2;12;5;244;1;15;3;2;12;4;3,2;250;2;12;5;3;2;1;3;3;5;2;4;0;
77;09/06/2021;11;0;3;;1;;2;12;11;0;620;1;1;57;300;12;14;;300;2;;280;2;12;13;234;1;15;3;2;12;12;4,2;400;2;12;14;3;;1;3;3;5;5;5;0;
78;09/06/2021;11;0;6;;2;;2;12;7;0;500;1;2;0;300;12;9;;200;1;;250;1;12;7;185;1;0;3;3;12;8;3,2;300;1;12;10;3;2;1;4;1;5;4;5;0;
79;09/06/2021;11;0;1;;2;;1;12;15;0;400;0;2;0;250;12;15;118;220;1;106;200;1;12;16;229;1;10;3;2;12;16;3,7;300;2;12;17;2;1;2;3;3;1;4;1;0;
80;09/06/2021;16;4;4;;1;;2;16;8;0;400;1;2;0;300;16;11;42;60;3;89;150;2;16;9;25;0;10;3;3;16;12;0,6;20;2;16;13;3;1;1;3;1;1;1;4;0;
81;09/06/2021;16;4;5;;1;;2;16;21;0;490;0;2;4;300;16;22;158;275;2;131;230;2;16;23;31;0;25;2;4;16;21;0,8;75;2;16;24;2;2;1;3;1;2;2;2;0;
82;09/06/2021;16;4;3;;2;;1;17;15;0;400;1;2;0;300;17;16;31;160;2;146;210;2;17;16;178;1;0;2;2;17;15;3,1;200;2;17;17;2;2;1;2;2;1;5;5;0;
83;09/06/2021;16;4;2;;2;;2;17;21;0;480;1;2;4;290;17;21;134;280;4;125;250;4;17;23;276;1;30;3;2;17;22;4,6;320;2;17;23;;2;;3;3;3;5;5;0;
84;09/06/2021;16;4;4;;1;;2;17;34;0;400;1;1;20;230;17;36;152;200;3;87;110;5;17;35;179;0;40;3;2;17;37;3,9;200;2;17;37;3;1;1;3;1;3;2;2;1;
85;09/06/2021;16;4;1;;1;;2;17;41;1;500;0;2;3;250;17;42;159;250;;121;200;3;17;43;324;1;40;4;3;17;44;5,35;450;3;17;44;3;1;1;3;1;2;1;5;0;
86;09/06/2021;16;4;2;;1;;1;17;33;0;650;1;2;10;310;17;34;146;300;3;130;300;3;17;36;307;1;45;3;3;17;34;5;590;3;17;38;3;2;1;3;2;3;2;5;0;
87;10/06/2021;16;4;5;;1;;2;17;49;0;500;0;2;1;300;17;50;146;240;2;111;180;2;17;50;347;1;50;3;3;17;49;5,75;470;3;17;51;4;2;1;3;3;3;4;2;0;
88;10/06/2021;11;0;3;;1;;1;11;10;1;450;1;2;9;350;11;13;83;200;3;96;200;3;11;12;23;0;6;3;2;11;11;0,1;10;3;11;14;2;2;1;2;3;5;2;2;0;
89;10/06/2021;11;0;6;;1;;1;11;22;0;450;1;2;0;320;11;25;;220;3;;150;2;11;24;49;0;30;3;3;11;24;1,2;100;3;11;25;3;4;1;3;2;3;2;2;0;
90;10/06/2021;11;0;6;;1;;2;11;30;0;450;1;2;9;320;11;32;115;300;3;106;310;2;11;30;113;1;0;3;3;11;31;3,5;150;3;11;32;2;3;1;3;3;2;2;2;0;
91;10/06/2021;11;0;2;;1;;1;11;36;0;400;0;3;0;300;11;37;174;110;2;150;100;2;11;39;66;1;0;2;3;11;38;1,6;100;2;11;40;3;2;1;3;2;3;2;5;0;
92;10/06/2021;11;0;5;;1;;1;11;56;0;250;1;1;56;320;11;57;145;280;3;136;270;3;11;57;23;1;30;3;3;11;58;;;;11;58;2;3;1;3;2;5;2;5;0;
93;10/06/2021;11;0;4;;1;;1;12;3;0;400;1;1;50;270;12;4;146;230;2;126;190;3;12;4;179;1;2;3;2;12;5;3;200;3;12;6;2;1;1;3;2;3;4;5;0;
94;10/06/2021;11;0;3;;1;;1;12;9;0;450;1;1;59;398;12;11;161;350;2;117;250;;12;11;276;1;18;3;3;12;10;4,1;350;3;12;12;3;2;2;3;2;5;2;3;0;
95;10/06/2021;11;0;1;;2;;1;12;32;0;600;1;1;56;300;12;34;161;;2;135;280;2;12;35;302;1;35;3;2;12;35;4,8;400;2;12;36;3;3;1;4;1;5;2;2;0;
96;10/06/2021;11;0;6;;1;;1;12;40;0;450;0;2;0;250;12;41;110,5;180;3;111;180;2;12;40;309;1;40;3;3;12;41;5,4;430;2;12;42;3;3;1;3;1;5;5;2;0;
97;10/06/2021;16;4;5;;2;;1;16;13;0;400;1;2;0;300;16;14;61;100;3;120;200;3;16;15;29;0;10;3;2;16;14;0,1;10;3;16;16;2;2;1;2;1;3;2;2;0;
98;10/06/2021;16;4;3;;2;;1;16;21;0;500;1;2;0;300;16;22;117;200;3;99;150;2;16;21;78;0;25;3;2;16;21;1,6;75;2;16;23;4;;1;3;1;3;2;5;0;
99;10/06/2021;16;4;2;;2;;1;16;26;0;500;1;2;4;300;16;28;162;250;3;74;120;2;16;29;35;0;15;2;2;16;28;0,7;50;2;16;30;3;3;1;3;1;2;2;4;0;
100;10/06/2021;16;4;1;;1;;1;16;36;1;500;1;2;4;300;16;32;175;300;3;146;250;4;16;38;137;1;40;3;2;16;38;2,25;220;3;16;39;4;1;1;4;1;;;;0;
101;10/06/2021;16;4;4;;1;;1;17;8;0;380;0;2;10;300;17;10;;280;2;;230;2;17;9;198;1;10;3;2;17;11;3,5;250;3;17;13;3;3;1;2;2;2;3;5;0;
102;10/06/2021;16;4;2;;1;;2;17;20;0;250;1;2;4;305;17;21;116;260;4;132;290;3;17;22;284;1;20;3;3;17;22;4,3;160;2;17;23;2;2;3;2;3;3;5;2;0;
103;10/06/2021;16;4;1;;2;;1;17;29;0;300;1;1;15;280;17;29;139;200;2;112;180;2;17;30;193;0;45;3;2;17;31;4,5;200;3;17;31;2;3;2;2;3;5;5;5;0;
104;10/06/2021;16;4;5;;2;;2;17;36;0;450;0;2;5;350;17;38;;300;2;;300;2;17;38;268;1;30;3;3;17;37;4,2;250;2;17;38;3;2;2;3;2;;;;0;
105;10/06/2021;16;4;4;;1;;1;17;43;0;350;0;2;12;315;17;45;161;305;3;146;290;2;17;44;257;1;46;2;2;17;46;4,6;290;2;17;46;3;3;1;3;2;5;2;2;0;
106;24/06/2021;11;0;6;26;2;2;2;11;6;0;600;1;2;0;110;11;10;63;150;1;94;200;1;11;8;50;0;15;2;3;11;10;1,4;100;1;11;13;3;2;1;3;2;3;2;2;0;
107;24/06/2021;11;0;6;24;2;1;2;11;18;1;150;1;1;30;120;11;20;;100;3;150;100;3;11;19;92;0;40;4;2;11;19;1,5;95;4;11;21;3;3;1;4;1;1;1;1;0;
108;24/06/2021;11;0;2;23;2;2;1;11;27;0;400;1;3;20;300;11;28;88;300;2;82;200;2;11;30;152;0;30;3;3;11;29;2,5;100;2;11;31;3;2;1;3;1;2;2;5;0;
109;24/06/2021;11;0;1;67;5;1;1;11;16;;;1;2;0;200;11;11;;;3;;;3;11;12;;0;15;3;2;11;14;0,6;;3;11;16;3;3;3;3;1;2;2;2;0;
110;24/06/2021;11;0;3;22;2;1;1;11;12;0;450;1;1;57;300;11;15;90;150;2;58;110;2;11;14;37;0;14;4;2;11;13;6;30;3;11;16;3;1;2;3;1;3;2;2;0;
111;24/06/2021;11;0;5;23;2;2;1;11;26;1;390;0;2;15;250;11;28;123;195;2;99;180;2;11;29;56;0;30;3;2;11;27;1,1;60;3;11;30;3;3;2;2;3;2;2;2;0;
112;24/06/2021;11;0;4;22;1;2;2;12;17;0;400;1;2;0;270;12;19;;150;3;;200;3;12;17;238;1;20;4;2;12;20;4;250;3;12;21;2;3;1;3;2;5;5;5;0;
113;24/06/2021;11;0;1;31;1;1;2;12;17;0;350;0;2;0;240;12;18;161;210;3;143;200;3;12;20;207;1;20;3;3;12;20;3,5;260;2;12;22;2;1;1;3;1;3;2;5;0;
114;24/06/2021;11;0;1;31;1;1;2;12;17;0;350;0;2;0;240;12;18;161;210;3;143;200;3;12;20;207;1;20;3;3;12;20;3,5;260;2;12;22;2;1;1;3;1;3;2;5;0;
115;24/06/2021;11;0;3;32;1;1;2;12;32;0;300;1;2;0;300;12;33;;150;2;;150;2;12;33;216;1;15;3;2;12;32;3,95;150;2;12;33;3;4;1;3;1;1;5;1;0;
116;24/06/2021;11;0;4;30;1;1;1;12;31;0;200;0;2;15;350;12;32;116;300;3;114;300;3;12;31;180;1;0;2;2;12;33;3,2;300;2;12;33;3;1;1;4;1;1;1;1;0;
117;24/06/2021;11;0;2;;;;1;12;16;0;400;1;2;0;300;12;18;116;200;1;101;190;1;12;20;203;1;10;2;2;12;19;3,5;220;2;12;22;3;3;3;1;1;2;2;2;0;
118;24/06/2021;11;0;5;24;2;1;1;12;29;0;300;1;1;56;300;12;31;;270;3;;270;2;12;31;218;1;15;3;3;12;30;3,8;200;2;12;32;2;2;1;3;2;1;1;5;0;
119;24/06/2021;16;4;6;49;1;1;1;16;8;0;250;0;2;4;600;16;10;;30;2;;250;2;16;8;28;0;9;2;1;16;9;-0,6;10;2;16;10;4;;2;3;1;3;2;2;0;
120;24/06/2021;16;4;2;;1;1;1;16;17;0;500;1;2;4;350;16;19;157;300;4;;250;3;16;23;27;0;20;3;2;16;22;0,95;80;3;16;25;4;3;1;4;1;5;2;5;0;
121;24/06/2021;16;4;1;29;2;1;2;16;57;0;500;1;2;4;320;16;57;148;300;3;134;300;3;16;59;143;0;45;3;3;17;0;2;150;2;17;0;3;3;1;2;1;3;3;5;0;
122;24/06/2021;16;4;4;53;2;2;2;17;4;0;300;1;2;10;300;17;6;172;300;2;117;200;2;17;5;91;0;30;2;2;17;7;2,05;100;2;17;3;4;1;1;3;1;2;2;2;0;
123;24/06/2021;16;4;6;61;2;1;1;17;12;0;500;1;2;0;300;17;14;;300;3;94;;1;17;13;162;1;0;1;2;17;14;3,4;150;2;17;14;2;3;2;2;1;5;2;5;0;
124;24/06/2021;16;4;5;43;2;1;1;17;19;0;500;1;2;5;310;17;20;141;310;3;128;290;3;17;22;316;1;30;2;2;17;20;4,6;400;3;17;22;3;1;1;3;1;2;2;2;0;
125;24/06/2021;16;4;3;64;1;1;1;17;42;0;350;0;2;3;200;17;45;88;100;3;118;150;2;17;43;320;1;40;3;3;17;43;5,3;250;2;17;46;3;2;1;3;1;5;4;2;0;
126;24/06/2021;16;4;5;58;1;1;2;17;51;0;410;0;2;10;300;17;53;63;150;2;115;220;2;17;54;329;1;50;3;2;17;52;5,5;320;3;17;55;2;3;1;;1;;;;0;
127;30/06/2021;11;0;3;52;2;1;1;11;13;0;600;0;7;30;200;11;17;268;200;2;92;200;1;11;16;23;0;20;1;1;11;15;1,1;20;2;11;18;4;1;4;1;4;1;1;1;0;
128;30/06/2021;11;0;1;31;1;1;1;11;27;0;450;1;1;56;350;11;28;117;280;3;91;230;2;11;29;89;0;30;3;1;11;30;2,1;100;2;11;31;4;3;1;3;1;1;1;5;0;
129;30/06/2021;11;0;2;;2;1;1;11;38;0;440;1;2;10;360;11;39;167;360;2;115;200;2;11;42;128;0;44;4;2;11;41;2,2;180;3;11;45;3;1;1;2;1;2;4;5;0;
130;30/06/2021;11;0;4;27;1;1;1;11;15;0;450;1;2;0;300;11;18;120;200;3;145;250;3;11;17;44;0;15;3;2;11;19;0,9;50;3;11;19;4;1;1;4;1;2;2;5;0;
131;30/06/2021;11;0;6;38;1;1;2;11;26;0;200;0;1;0;250;11;30;170;250;3;119;160;3;11;27;142;0;20;3;3;11;28;2,9;67;3;11;31;4;2;1;3;1;3;3;3;0;
132;30/06/2021;11;0;3;37;1;1;2;11;42;1;450;1;1;57;300;11;44;136;250;2;130;220;2;11;43;181;0;50;2;2;11;42;2,8;200;2;11;45;2;2;1;3;2;5;5;5;0;
133;21/06/2021;9;57;3;21;2;1;2;10;4;0;700;0;1;10;350;10;15;97;317;3;;260;2;10;11;19;0;15;4;2;10;7;0,7;50;2;10;22;3;2;1;3;1;5;2;2;0;
134;30/06/2021;11;0;2;49;1;1;2;11;50;0;400;0;2;10;300;11;51;132;250;2;102;200;2;11;53;178;1;0;1;1;11;52;3;200;2;11;53;3;3;1;1;1;;;5;0;
135;30/06/2021;11;0;1;23;2;1;2;12;3;0;300;1;1;59;220;12;7;154;210;2;157;210;2;12;10;210;1;10;3;2;12;12;3,5;180;2;11;13;3;3;1;3;2;1;4;2;0;
136;30/06/2021;11;0;5;39;1;1;1;12;18;0;500;1;2;0;;12;19;149;;2;125;250;2;12;19;272;1;30;3;3;12;18;5,2;;2;12;20;2;3;3;2;3;1;2;2;0;
137;30/06/2021;11;0;4;19;1;1;2;12;2;0;170;0;2;30;200;12;3;131;170;2;118;150;2;12;3;157;1;1;2;2;12;4;3,15;130;2;12;6;3;2;1;3;2;2;4;2;0;
138;30/06/2021;11;0;6;52;1;1;2;12;10;1;450;1;1;56;250;12;13;180;250;3;149;225;3;12;11;203;1;5;4;2;12;12;4;290;3;12;14;2;1;2;3;3;3;4;5;0;
139;30/06/2021;11;0;4;47;2;1;1;11;55;0;1000;1;5;30;300;11;58;;100;3;;250;3;11;56;303;4;30;3;2;11;59;3,3;250;3;12;0;3;1;3;3;1;2;5;3;0;
140;30/06/2021;11;0;6;35;2;1;2;12;36;0;500;1;2;0;300;12;38;136;200;2;146;250;2;12;37;323;1;40;4;1;12;37;4,7;450;3;12;38;2;3;1;2;3;5;5;1;0;
141;30/06/2021;11;0;1;21;1;2;2;12;14;0;500;1;1;57;280;12;46;74;100;2;135;250;3;12;48;334;1;47;3;2;12;49;5,8;470;2;12;49;3;2;1;3;3;2;4;3;0;
142;30/06/2021;16;4;3;20;2;1;2;16;8;0;300;1;2;4;300;16;9;58;80;2;112;200;2;16;9;0,1;0;4;4;3;16;9;0,1;0;4;16;10;3;1;1;3;2;5;5;5;0;
143;30/06/2021;11;0;5;38;1;1;1;11;42;0;500;1;2;0;200;11;43;110;180;2;138;250;3;11;43;252;1;40;3;2;11;42;4,85;;3;11;44;4;1;1;3;1;2;3;2;0;
144;30/06/2021;11;0;3;22;1;1;1;12;48;0;400;1;1;56;320;12;50;40;50;3;137;250;3;12;49;332;1;45;4;3;12;49;5,8;380;3;12;51;3;3;1;3;2;3;5;5;0;
145;30/06/2021;16;4;3;19;1;2;1;16;15;0;300;1;2;4;200;16;18;132;150;2;156;180;2;16;17;10;0;5;3;2;16;16;0,4;16;3;16;49;3;3;3;2;1;5;1;2;0;
146;30/06/2021;16;4;2;35;2;2;2;16;23;1;408;0;2;0;350;16;24;;280;2;;200;2;16;25;84;0;30;2;3;12;24;1,2;90;2;16;25;3;3;1;3;2;1;3;3;0;
147;30/06/2021;16;4;5;27;1;1;2;16;11;0;440;1;1;56;296;16;19;68;45;2;;240;3;16;14;25;0;12;3;3;16;12;0,4;7;4;16;14;2;3;2;3;3;5;5;1;0;
148;30/06/2021;16;4;5;70;1;1;2;16;21;1;450;1;2;4;300;16;22;118;250;3;95;160;3;16;23;65;0;20;4;3;16;21;1,3;60;3;16;24;3;2;1;3;2;2;4;1;0;
149;30/06/2021;16;4;5;18;2;1;2;16;28;0;350;0;4;30;200;16;31;150;160;2;102;120;2;16;33;26;0;25;3;2;16;30;2;80;1;16;34;3;3;1;3;1;2;2;2;0;
150;30/06/2021;16;4;3;49;2;1;2;16;28;1;400;1;2;0;300;16;31;;250;2;;200;2;16;30;30;0;15;2;1;16;29;1,3;90;2;16;31;2;3;1;4;1;;;;0;
151;30/06/2021;16;4;1;18;2;1;2;16;32;0;350;1;2;4;200;16;33;92;150;1;65;100;1;16;35;90;0;32;4;3;16;36;1,6;100;1;16;38;3;3;1;4;1;1;4;1;0;
152;30/06/2021;16;4;1;20;2;1;2;16;32;0;400;1;2;4;300;16;33;148;250;1;118;180;1;16;35;92;0;30;3;3;16;36;1,2;100;1;16;37;3;4;1;4;1;1;4;1;0;
153;30/06/2021;16;4;1;32;2;1;2;17;3;0;460;1;2;3;210;17;4;91;130;2;134;170;3;17;5;181;1;1;4;2;17;6;3,8;300;2;17;7;3;2;2;2;1;5;4;2;0;
154;30/06/2021;16;4;4;25;1;1;2;17;16;0;400;1;2;4;400;17;18;155;380;3;144;370;3;17;17;200;1;15;3;2;17;19;4;230;3;17;19;4;3;2;3;1;5;4;2;0;
155;30/06/2021;16;4;3;28;2;1;2;17;47;0;100;1;2;0;100;17;49;119;110;3;117;110;3;17;49;328;1;40;3;2;17;48;0,9;140;2;17;50;3;4;1;4;1;1;5;1;0;
156;30/06/2021;16;4;6;26;1;1;1;17;26;0;380;1;2;4;310;17;29;;140;3;117;220;2;17;27;294;1;40;3;3;17;28;4,5;290;3;17;30;2;3;1;2;2;2;5;2;0;
157;30/06/2021;16;4;4;67;1;2;1;17;33;0;460;0;2;0;280;17;35;143;280;3;131;250;3;17;34;248;1;30;2;3;17;37;4,6;400;2;17;38;2;3;1;1;2;2;2;3;0;
158;30/06/2021;16;4;6;65;1;1;2;17;44;0;350;1;1;23;300;17;46;144;200;2;119;180;2;17;44;270;1;15;3;3;17;45;4,6;200;2;17;47;2;1;2;3;2;2;2;2;0;
159;30/06/2021;16;4;6;40;1;1;2;17;52;0;400;1;2;2;380;17;55;121;300;3;108;280;3;17;55;338;1;55;3;2;17;54;5,5;380;2;17;56;3;4;1;3;1;2;4;2;0;
160;30/06/2021;16;4;3;20;1;2;2;17;56;0;400;1;2;4;200;17;58;126;200;2;128;200;2;17;57;322;1;50;3;3;17;57;5,6;380;3;17;58;2;3;2;2;3;4;5;5;0;
161;01/07/2021;11;0;6;61;2;1;1;11;11;0;550;0;3;30;200;11;15;104;120;3;67;70;2;11;12;16;0;10;4;2;11;14;0,5;35;3;11;17;2;1;1;3;1;2;2;2;0;
162;01/07/2021;11;0;1;26;2;1;1;11;9;0;300;1;2;56;100;11;11;128;300;2;143;200;2;11;13;23;0;10;4;3;11;13;0,9;50;1;11;13;4;2;1;3;1;3;3;3;0;
163;01/07/2021;11;0;1;24;2;2;2;11;18;0;250;1;1;56;280;11;19;126;130;3;94;100;2;11;21;51;0;25;3;3;11;22;1,2;40;1;11;23;3;2;1;3;1;2;2;2;0;
164;01/07/2021;11;0;2;49;2;1;2;11;29;0;500;0;1;55;300;11;30;113;180;3;129;230;2;11;31;141;0;49;3;3;11;31;1,85;100;3;11;32;3;2;1;2;1;3;2;2;0;
165;01/07/2021;11;0;2;29;1;1;2;11;37;0;450;1;1;56;320;11;37;137;280;3;132;230;3;11;39;160;0;40;2;3;11;38;2,2;100;3;11;40;3;3;3;3;1;1;4;5;0;
166;01/07/2021;11;0;6;25;2;1;1;11;47;0;200;1;1;50;230;11;49;119;200;1;95;180;1;11;48;199;1;0;1;3;11;48;3,8;120;1;11;49;2;2;1;2;3;2;4;2;0;
167;01/07/2021;11;0;5;70;2;1;2;11;54;0;520;1;2;0;250;11;54;;190;2;110;180;3;11;55;177;1;5;4;2;11;54;3,5;250;3;11;56;3;3;1;2;1;2;2;2;0;
168;01/07/2021;11;0;2;26;1;1;2;12;17;0;700;0;2;2;370;12;19;133;300;2;122;310;2;12;19;183;1;10;3;2;12;19;1,75;450;2;12;20;3;1;3;2;4;3;2;5;0;
169;01/07/2021;11;0;2;29;1;1;1;12;6;1;500;1;1;54;320;12;8;128;300;2;121;260;2;12;9;214;1;15;3;3;12;9;3,65;300;3;12;10;2;1;2;3;3;3;3;5;0;
170;01/07/2021;11;0;4;39;1;1;2;12;15;0;500;1;2;0;300;12;17;;200;2;126;250;2;12;16;227;1;25;3;2;12;18;3,9;400;2;12;18;2;1;1;2;2;2;2;2;0;
171;01/07/2021;11;0;4;22;2;1;2;12;25;0;600;0;2;6;277;12;27;160;250;2;147;230;2;12;26;298;1;20;3;2;12;29;4,3;530;2;12;29;3;2;1;3;2;2;2;5;0;
172;01/07/2021;11;0;5;40;2;1;2;12;24;0;500;1;2;0;200;12;25;140;200;2;94;100;2;12;26;265;1;40;3;3;12;25;4,6;300;2;12;27;2;4;1;4;3;3;2;2;0;
173;01/07/2021;11;0;4;60;2;1;1;12;32;0;;0;2;0;190;12;34;146;190;1;121;;2;12;33;273;1;30;4;3;12;36;4,65;;;12;37;3;1;3;2;1;;;;0;
174;01/07/2021;11;0;1;42;2;1;1;12;50;0;350;1;2;0;300;12;50;;120;3;;150;2;12;51;340;1;50;3;3;12;52;5,8;330;2;12;51;;1;1;2;2;5;2;2;0;
175;01/07/2021;11;0;3;29;2;1;1;12;42;0;250;1;1;50;350;12;45;148;200;1;147;200;1;12;44;263;1;30;2;3;12;43;4,6;150;2;12;46;3;3;1;2;3;1;4;2;0;
176;01/07/2021;16;4;5;57;2;1;1;17;35;0;700;1;7;0;320;17;37;155;290;3;158;300;3;17;37;307;1;45;3;2;17;36;4,8;300;3;17;38;3;3;4;1;2;2;5;5;0;
177;01/07/2021;16;4;2;47;2;1;2;17;34;0;400;1;2;4;300;17;35;180;300;3;153;280;3;17;36;234;1;30;3;3;17;35;4,5;250;3;17;36;3;3;2;3;2;2;4;5;0;
178;01/07/2021;16;4;6;40;2;1;2;17;41;0;400;1;2;4;200;17;44;118;250;2;89;200;2;17;43;289;1;40;4;3;17;43;4,9;350;3;17;45;3;2;1;2;2;3;3;3;0;
179;07/07/2021;17;6;1;54;1;1;1;17;14;0;650;1;2;0;300;17;14;62;80;2;;250;3;17;15;16;0;10;3;2;17;16;0,3;10;3;17;16;3;3;2;3;2;5;4;2;0;
180;07/07/2021;11;52;1;;2;;1;12;28;0;400;1;1;20;380;12;29;110;120;2;103;120;2;12;30;138;0;30;4;2;12;31;2,6;150;2;12;31;3;;;3;1;5;2;4;2;
181;07/07/2021;11;52;5;;2;;2;12;40;0;600;1;6;30;120;12;42;144;120;2;148;120;3;12;43;179;1;0;3;2;12;41;2,4;150;3;12;44;;1;1;3;1;;;;0;
182;07/07/2021;11;52;3;;1;;1;12;51;1;400;1;2;4;300;12;53;153;290;3;;270;2;12;52;154;0;50;2;3;12;51;3,6;250;1;12;53;4;1;1;3;1;2;2;5;0;
183;07/07/2021;11;52;1;;2;;2;13;0;0;400;1;1;20;200;13;1;145;190;2;106;130;2;13;2;344;1;10;3;3;13;3;4,3;300;2;13;4;2;4;2;3;3;5;5;2;2;
184;07/07/2021;11;52;5;33;2;1;2;13;11;0;450;0;2;15;300;13;16;0;0;;121;220;2;13;17;231;1;25;3;2;13;12;4,8;320;2;13;17;3;3;2;3;2;2;5;5;0;
185;07/07/2021;11;52;3;30;2;1;2;13;10;0;500;0;2;40;300;13;18;66;100;1;120;250;1;13;13;180;1;30;4;3;13;12;2,4;200;1;13;16;3;3;1;2;1;2;4;;0;
186;07/07/2021;11;52;6;32;2;1;2;13;10;0;500;1;3;0;300;13;16;62;100;2;148;250;2;13;11;129;1;20;3;2;13;12;3,9;200;2;13;17;3;1;1;3;1;5;5;5;0;
187;07/07/2021;11;52;1;45;1;1;1;13;41;0;375;1;2;0;320;13;42;90;120;3;120;210;3;13;42;335;1;50;3;3;13;43;5,5;350;3;13;44;3;2;2;2;3;2;2;5;0;
188;07/07/2021;17;6;6;38;1;1;1;17;19;0;435;1;1;56;180;17;21;128;210;2;131;200;2;17;20;24;0;15;3;2;17;20;1,2;60;2;17;22;3;2;1;3;3;;2;2;0;
189;07/07/2021;17;6;2;38;2;1;2;17;26;1;400;1;2;8;300;17;27;132;250;3;113;220;2;17;28;53;0;25;2;2;17;28;1,5;70;2;17;29;3;2;1;2;2;2;2;1;0;
190;07/07/2021;11;52;4;30;1;1;1;12;20;0;375;0;1;15;300;12;14;116;200;3;136;250;3;12;22;91;0;18;3;2;12;25;1,3;85;3;12;26;3;2;1;3;1;2;2;2;2;
191;07/07/2021;11;52;6;50;1;1;1;12;38;0;500;1;2;4;300;12;40;;300;3;;150;3;12;38;91;0;30;3;2;12;39;2,2;100;2;12;44;3;2;1;3;1;3;2;5;0;
192;07/07/2021;11;52;2;21;1;1;1;12;46;0;300;0;2;0;400;12;46;;380;2;;300;2;12;48;217;0;45;3;3;12;47;3,8;180;2;12;49;3;3;1;2;1;2;5;2;0;
193;07/07/2021;11;52;4;24;1;1;1;12;53;0;350;0;1;30;300;12;56;147;280;2;113;200;2;12;55;258;1;10;3;3;12;58;3,9;230;2;12;59;3;2;1;3;2;2;2;3;2;
194;07/07/2021;11;52;3;63;1;2;1;13;4;1;480;1;2;4;250;13;5;;250;2;;240;3;13;5;;1;5;3;3;13;4;2,8;240;3;13;7;2;2;2;2;2;3;3;2;0;
195;07/07/2021;11;52;3;19;1;1;2;13;38;0;400;0;1;50;200;13;42;163;170;2;122;150;2;13;42;199;0;25;3;2;13;40;4,85;145;2;13;42;4;2;2;2;1;2;2;2;1;
196;07/07/2021;17;6;;25;1;1;en ligne (online);;;1;;1;;;;;;;;;;;;;;;;;;;;;;;;;;;;;;;;;;;
197;07/07/2021;17;6;2;23;2;1;1;18;32;0;200;1;1;56;180;18;36;145;160;2;144;160;2;18;38;197;1;0;2;2;18;37;3,4;100;2;18;40;3;2;1;2;1;5;2;2;0;
198;07/07/2021;17;6;1;26;2;1;2;17;13;0;300;1;2;2;350;17;14;36;90;2;127;230;3;17;15;35;0;15;3;3;17;16;0,4;40;2;17;17;3;1;1;3;1;2;2;1;0;
199;07/07/2021;17;6;5;42;1;2;2;17;25;0;450;1;1;56;300;17;26;156;300;3;115;180;2;17;27;68;0;25;3;2;17;26;1;60;2;17;28;3;2;1;3;1;2;2;2;0;
200;07/07/2021;17;6;6;30;1;1;1;18;52;0;350;1;2;4;363;18;53;;90;2;;300;2;18;52;157;2;5;3;2;18;53;6;250;3;18;53;3;3;1;3;1;2;2;2;0;
201;07/07/2021;17;6;2;35;1;1;1;18;14;1;500;1;2;0;390;18;40;124;300;3;;190;3;18;41;330;1;45;3;2;18;44;5,5;450;3;18;42;3;3;1;3;3;;;;0;
202;07/07/2021;17;6;4;30;2;1;1;18;45;0;350;1;2;0;530;18;46;67;140;1;164;280;1;18;45;334;1;45;3;3;18;46;5,6;300;1;18;47;2;4;1;3;3;1;2;2;0;
203;08/07/2021;11;52;6;56;1;1;1;12;7;1;471;1;1;4;320;12;40;114;190;2;143;250;3;12;8;21;0;12;3;2;12;9;0,5;75;2;12;11;4;1;1;4;1;3;3;3;0;
204;08/07/2021;11;52;2;16;1;1;1;12;14;0;170;0;2;0;320;12;14;165;300;3;121;260;2;12;15;52;0;25;3;2;12;15;0,7;35;2;12;17;3;2;1;4;1;2;2;2;0;
205;08/07/2021;11;52;5;26;1;1;1;13;48;0;800;0;5;0;300;13;49;88;100;2;110;200;3;13;50;338;2;0;3;3;13;48;5,5;400;3;13;51;3;3;1;3;1;5;3;2;0;
206;08/07/2021;11;52;4;49;2;1;1;11;52;0;400;0;2;0;250;13;41;143;200;2;;220;2;13;40;290;1;45;3;3;13;42;4,6;320;3;13;42;4;2;1;3;1;3;3;3;0;
207;08/07/2021;17;4;1;26;1;1;2;17;15;1;352;1;2;0;300;17;16;113;220;3;115;250;3;17;17;308;0;20;3;3;17;18;0,85;35;3;17;18;3;1;1;3;3;5;5;5;0;
208;08/07/2021;11;52;3;41;2;2;1;12;13;1;500;1;2;0;300;12;17;180;300;3;128;250;3;12;15;43;0;20;3;2;12;14;0,8;70;3;12;19;3;1;1;4;1;3;2;5;0;
209;08/07/2021;11;52;4;72;1;1;1;12;13;1;510;1;2;20;305;12;22;148;260;3;139;250;3;12;16;73;0;25;4;3;12;24;2,1;150;3;12;26;3;3;1;3;1;4;3;3;0;
210;08/07/2021;11;52;4;58;1;1;2;13;38;0;500;1;2;0;220;13;39;139;250;2;113;220;2;13;38;236;1;40;3;3;13;40;4,6;400;3;13;40;3;3;2;3;2;5;5;5;0;
211;08/07/2021;11;52;6;69;2;1;2;13;45;1;500;1;2;0;350;13;47;38;80;2;89;200;3;13;45;335;1;50;3;2;13;47;5,3;480;3;13;48;;1;2;3;1;2;2;2;0;
212;08/07/2021;11;52;5;55;2;1;1;12;9;1;500;1;2;0;400;12;11;89;200;2;91;200;2;12;14;94;0;40;2;3;12;10;1,1;80;2;12;17;3;2;2;2;1;5;2;5;0;
213;08/07/2021;11;52;5;50;1;1;1;13;39;1;500;1;2;0;300;13;40;;280;3;;200;3;13;41;256;1;42;3;3;13;40;4,6;240;3;13;41;3;3;1;3;1;4;4;2;0;
214;08/07/2021;11;52;4;31;2;1;2;13;45;0;600;1;2;19;280;13;46;63;60;3;;220;3;13;45;274;1;55;3;3;13;46;4,6;480;3;13;47;3;2;1;3;1;5;2;5;0;
215;08/07/2021;11;52;3;27;1;1;2;13;50;0;110;0;2;15;300;13;53;;60;2;;250;3;13;52;357;2;15;3;1;13;52;6,3;110;3;13;54;4;;1;4;1;5;5;2;0;
216;08/07/2021;17;4;6;24;2;2;2;17;13;0;500;1;2;0;250;17;14;52;60;2;61;100;2;17;14;19;0;5;3;2;17;19;0,7;15;1;17;15;4;1;1;4;1;2;4;2;0;
217;08/07/2021;17;4;1;37;2;1;2;17;19;0;400;1;2;0;250;17;19;161;200;2;91;190;1;17;20;35;0;10;3;2;17;21;1;50;2;17;21;4;1;1;1;1;3;2;2;0;
218;08/07/2021;17;4;5;21;1;1;1;18;39;0;250;0;2;0;250;18;41;62;60;2;;127;2;18;42;218;1;15;3;2;18;40;4;180;2;18;42;3;1;1;2;2;2;2;2;0;
219;08/07/2021;17;4;2;26;2;1;2;18;49;0;500;1;1;52;290;18;50;66;100;4;126;200;4;18;51;342;1;40;4;4;18;50;5,4;410;3;18;51;3;4;2;2;1;2;2;2;0;
220;08/07/2021;17;4;3;22;2;1;1;17;14;0;500;1;1;56;260;17;16;147;230;1;87;130;1;17;15;25;0;15;3;3;17;14;0,6;10;2;17;17;4;3;3;2;2;5;2;5;0;
221;08/07/2021;17;4;4;34;2;1;1;17;24;0;450;1;1;55;315;17;26;175;315;3;116;250;3;17;25;51;0;20;2;1;17;27;1,1;25;2;17;28;4;3;2;2;4;3;3;5;0;
222;08/07/2021;17;4;1;27;1;1;1;17;25;0;380;0;1;45;320;17;16;132;270;3;84;200;2;17;27;30;0;12;3;3;17;29;1,2;35;3;17;30;3;2;1;3;2;3;2;3;0;
223;08/07/2021;17;4;2;37;1;1;2;18;48;0;500;1;1;56;300;18;49;;140;2;;270;2;18;50;338;1;40;4;2;18;49;5,6;450;3;18;51;3;3;2;3;1;3;4;3;0;
224;08/07/2021;17;4;2;26;3;1;2;18;41;0;477;1;2;2;310;18;41;67;70;2;119;210;2;18;42;287;1;40;3;3;18;42;4,4;320;2;18;43;3;3;3;2;1;5;5;5;0;
225;08/07/2021;17;4;5;37;2;2;1;17;25;0;400;1;2;0;250;17;27;116;180;2;114;200;2;17;28;89;0;30;3;2;17;26;2,05;150;2;17;29;3;2;2;3;2;1;1;1;0;
226;08/07/2021;17;4;1;21;1;1;2;18;38;0;500;1;2;0;300;18;39;136;250;3;112;200;3;18;29;211;1;10;3;2;18;30;2;300;3;18;30;4;1;1;3;1;3;2;5;0;
227;08/07/2021;17;4;6;33;2;2;2;18;41;0;380;1;2;10;250;18;42;63;180;2;113;200;2;18;42;288;1;40;3;2;18;42;5,2;400;2;18;44;3;3;1;3;2;5;5;2;0;
228;08/07/2021;17;4;2;36;2;1;2;18;49;0;400;1;1;30;150;18;49;110;150;2;95;130;2;18;51;355;1;20;4;2;18;50;5,7;380;2;18;52;3;3;3;3;3;2;1;2;0;
229;15/07/2021;10;0;3;46;1;1;1;10;12;1;515;1;1;56;300;10;14;157;300;3;90;150;2;10;14;26;0;15;2;3;10;13;0,8;50;2;10;15;3;2;1;3;1;5;5;5;0;
230;15/07/2021;10;0;4;29;2;1;1;10;20;0;500;1;2;56;300;10;23;118;200;1;62;120;1;10;21;4;0;22;3;2;10;24;1,8;90;1;10;25;3;2;1;3;1;2;5;5;0;
231;15/07/2021;10;0;6;35;2;1;1;10;31;0;470;0;2;0;250;10;23;137;225;1;133;210;1;10;32;78;0;25;3;2;10;32;1,9;100;1;10;34;2;3;1;2;1;5;4;2;0;
232;15/07/2021;10;0;2;22;1;2;2;10;41;0;500;1;1;57;300;10;42;167;280;3;144;250;3;10;44;130;0;40;3;2;10;44;2,5;200;2;10;45;3;1;1;2;1;5;2;5;0;
233;15/07/2021;10;0;5;36;1;2;2;10;56;0;500;0;1;55;300;10;57;173;300;3;118;200;3;10;58;180;1;0;4;3;10;56;3,3;250;3;10;59;2;3;1;3;1;3;4;2;0;
234;15/07/2021;10;0;3;35;2;1;2;11;6;0;450;0;2;0;360;11;8;150;360;2;;200;2;11;8;181;1;0;3;3;11;7;3,1;225;3;11;10;3;3;3;3;1;3;1;2;0;
235;15/07/2021;10;0;1;24;2;2;2;11;17;0;400;1;2;9;353;11;18;134;260;2;137;260;2;11;18;234;1;20;3;3;11;19;3,6;280;3;11;20;3;3;1;3;2;2;2;2;0;
236;15/07/2021;10;0;3;30;1;1;2;11;25;0;400;1;1;57;300;11;27;135;210;3;141;230;3;11;26;153;0;50;3;2;11;26;3,5;200;2;11;28;2;1;2;3;1;3;2;2;0;
237;15/07/2021;10;0;2;16;2;1;1;11;35;0;300;1;1;56;100;11;36;146;;3;115;;3;11;38;235;1;20;3;1;11;37;4,3;238;4;11;39;2;;;3;3;0;0;0;0;
238;15/07/2021;10;0;4;40;1;2;1;11;46;1;400;1;2;0;300;11;47;57;80;3;99;200;3;11;46;230;1;30;3;2;11;47;4,8;320;3;11;48;3;3;1;4;1;3;4;2;0;
239;15/07/2021;16;4;5;22;1;2;1;16;22;1;600;1;2;0;315;16;24;151;300;3;153;300;3;16;25;78;0;25;3;3;16;22;1,4;80;3;16;26;3;1;1;3;2;5;2;5;0;
240;15/07/2021;16;4;6;51;2;1;2;16;31;0;550;1;2;4;200;16;34;134;170;1;118;150;1;16;33;138;0;45;1;1;16;34;3,9;150;1;16;35;3;3;;4;1;2;2;2;0;
241;15/07/2021;16;4;4;29;1;2;2;16;40;1;500;1;2;0;265;16;43;90;180;;103;200;3;16;41;36;0;20;3;3;16;43;1,8;100;3;16;44;1;2;1;3;4;2;2;2;0;
242;15/07/2021;16;4;1;24;1;1;1;17;2;0;250;0;2;0;250;17;3;116;200;2;80;110;2;11;4;180;1;0;3;3;17;5;2,9;150;2;17;6;3;1;1;3;2;5;5;2;0;
243;15/07/2021;16;4;6;35;1;1;2;17;12;0;349;1;1;21;330;17;14;122;250;3;107;200;3;17;13;137;0;25;3;3;17;14;4,3;90;3;17;14;3;3;3;2;2;2;2;2;0;
244;15/07/2021;16;4;2;18;2;1;2;17;20;0;600;1;2;4;300;17;22;158;270;3;145;250;3;17;24;150;1;10;2;3;17;23;3,4;350;2;17;26;3;2;1;3;3;5;4;4;0;
245;15/07/2021;16;4;1;18;1;1;2;17;20;0;500;0;2;0;260;17;21;153;240;2;126;200;2;17;22;226;1;20;3;2;17;23;4,1;300;3;17;24;2;3;2;2;3;5;2;5;0;
246;15/07/2021;16;4;5;18;1;1;1;17;34;0;500;0;2;12;330;17;37;146;300;3;128;255;3;17;39;115;1;35;3;3;17;35;4,2;380;3;17;40;2;1;1;3;1;5;2;5;0;Perrache
247;15/07/2021;16;4;3;35;2;1;1;17;51;0;300;1;1;15;200;17;54;136;200;2;111;150;1;17;53;271;0;50;3;3;17;52;4,9;200;2;17;54;4;3;3;2;1;2;2;2;1;
248;15/07/2021;16;4;2;26;2;1;1;18;3;0;100;1;1;58;298;18;3;79;100;2;111;150;2;18;5;340;1;53;3;3;18;4;5,4;90;2;18;6;4;1;1;3;1;2;5;2;0;
249;21/07/2021;9;57;1;21;2;1;2;10;30;0;360;1;2;16;335;10;30;158;300;3;90;200;3;10;31;82;0;35;2;3;10;32;2;80;2;10;32;2;1;2;2;3;3;2;5;0;
250;21/07/2021;9;57;4;33;1;1;1;10;41;0;450;1;2;0;320;10;42;153;290;3;131;250;2;10;41;158;0;50;3;3;10;43;2,7;220;2;10;44;2;3;1;4;2;0;4;2;0;
251;21/07/2021;9;57;6;21;1;1;2;10;50;0;300;0;2;10;350;10;54;143;330;4;103;190;2;10;51;2;0;40;3;2;10;53;0,1;120;2;10;55;3;3;3;2;3;5;5;5;0;
252;21/07/2021;9;57;5;22;2;1;1;11;0;0;600;1;1;59;300;11;1;127;300;2;114;250;2;11;2;212;1;15;2;2;11;1;3;300;2;11;3;3;2;2;3;2;3;2;2;0;romeovereau@gmail,com
253;21/07/2021;9;57;3;24;1;2;2;10;4;0;625;1;1;59;300;10;5;64;120;2;64;120;2;10;5;19;0;5;3;3;10;5;0,4;10;4;10;6;2;2;1;3;1;1;1;1;0;
254;21/07/2021;9;57;2;14;2;1;2;10;10;0;150;1;3;20;175;10;13;115;130;1;115;130;1;10;14;29;0;25;3;3;10;14;5,1;50;2;10;16;3;1;1;2;1;2;2;2;0;
255;21/07/2021;9;57;1;16;1;1;2;10;11;0;320;0;2;20;300;10;13;139;260;3;122;230;2;10;14;19;0;20;4;2;10;15;0,5;12;2;10;16;3;1;1;2;3;5;5;5;0;
256;21/07/2021;9;57;5;19;2;1;2;10;21;0;400;1;1;59;250;10;23;111;200;2;92;200;2;10;23;56;0;30;4;3;10;21;0,6;90;2;10;24;3;2;1;4;1;5;4;5;0;
257;21/07/2021;9;57;3;19;1;2;1;10;45;0;500;1;2;0;270;10;47;;100;2;;200;2;10;46;72;0;35;2;2;10;46;1,8;70;2;10;47;2;2;3;3;2;;;;0;
258;21/07/2021;9;57;4;19;2;1;2;10;46;0;300;0;3;0;250;10;48;111;200;3;131;250;2;10;47;225;2;0;3;3;10;49;6,3;150;2;10;49;2;4;2;3;2;;;;0;
259;21/07/2021;9;57;6;36;1;1;1;10;59;0;400;0;1;59;350;11;0;136;280;2;109;200;2;10;59;166;0;55;3;3;11;0;2,8;200;2;11;1;3;2;1;3;2;5;2;2;0;
260;21/07/2021;9;57;1;55;1;1;2;11;5;0;450;1;2;0;300;11;6;150;250;3;152;250;3;11;8;216;1;15;3;2;11;9;3,9;250;2;11;10;3;2;2;3;1;2;2;2;0;come,gallimard@hotmail,com
261;21/07/2021;9;57;2;30;2;1;1;11;7;0;500;0;2;0;300;11;9;138;250;;115;220;2;11;10;235;1;15;3;2;11;10;4,2;300;3;11;11;2;2;2;3;3;3;4;5;0;c
262;21/07/2021;9;57;4;23;2;1;1;11;18;0;660;1;2;0;300;11;20;;280;3;;275;3;11;19;212;1;10;4;3;11;20;3,7;380;2;11;21;3;3;1;3;1;2;2;2;0;
263;21/07/2021;9;57;6;26;2;1;2;11;43;0;460;1;1;57;320;11;45;54;90;3;114;240;2;11;44;321;1;40;3;2;11;45;5,3;370;2;11;46;3;3;1;3;2;5;5;5;0;
264;21/07/2021;9;57;5;22;2;1;1;16;15;1;350;1;2;5;280;16;17;73;90;2;111;200;2;16;17;35;0;15;3;3;16;15;1,3;40;2;16;18;3;1;2;3;1;2;2;2;0;
265;21/07/2021;9;57;3;40;2;1;1;11;44;0;600;0;2;10;600;11;45;63;100;2;115;250;2;11;45;350;1;45;3;2;11;44;5,5;580;3;11;46;4;4;1;4;1;1;1;1;0;
266;21/07/2021;16;4;3;27;1;1;2;16;23;0;500;1;2;4;300;16;26;;30;4;;240;3;16;25;56;0;25;3;3;16;24;0,9;45;4;16;27;3;1;1;4;1;2;2;5;0;
267;21/07/2021;16;4;2;56;2;1;1;16;24;0;300;1;2;20;300;16;24;;300;3;;260;2;16;25;83;0;35;3;2;16;25;1;50;2;16;27;3;3;;;3;1;1;1;0;
268;21/07/2021;16;4;4;30;2;2;1;17;31;0;450;1;2;3;320;17;33;156;300;3;134;270;2;17;32;304;1;40;3;3;17;33;4,7;390;2;17;34;3;1;1;3;1;2;5;2;0;
269;21/07/2021;16;4;1;27;2;2;1;17;32;0;450;1;2;6;230;17;32;120;230;3;71;150;2;17;33;226;1;15;3;3;17;34;4,7;300;3;17;35;2;1;1;4;3;5;5;5;0;
270;21/07/2021;16;4;6;66;1;1;2;17;47;0;500;1;2;0;300;17;49;159;300;2;126;250;3;17;48;339;1;45;3;2;17;49;;450;3;17;50;;1;3;3;3;5;2;2;0;
271;21/07/2021;16;4;5;46;1;2;1;16;22;1;480;1;2;5;320;16;23;121;240;3;110;200;2;16;25;48;0;15;3;2;16;23;0,8;80;2;16;26;2;2;1;3;1;2;2;2;0;
272;21/07/2021;16;4;2;56;2;1;1;16;14;1;500;1;2;0;210;16;14;42;70;2;149;240;2;16;16;34;0;5;3;2;16;16;0,45;4;3;16;17;4;;2;2;1;5;5;5;0;
273;21/07/2021;16;4;4;49;2;2;2;17;10;0;500;1;2;2;300;17;11;;300;3;116;250;2;17;10;117;1;0;3;3;17;12;;270;3;17;12;3;2;1;3;2;5;5;5;0;
274;21/07/2021;16;4;6;24;2;1;1;17;20;0;300;1;1;58;280;17;22;115;200;3;119;200;2;17;20;219;1;10;3;2;17;21;4,8;250;2;17;23;2;3;2;2;3;2;2;2;0;
275;21/07/2021;16;4;3;71;1;1;1;17;29;0;475;1;3;6;300;17;32;180;300;3;;250;3;17;31;270;1;30;3;3;17;30;4,8;380;2;17;32;3;2;1;3;2;1;4;2;0;
276;21/07/2021;16;4;1;21;1;2;2;17;37;0;300;1;2;6;300;17;38;149;300;3;144;280;3;17;39;295;1;40;3;2;17;40;4,6;250;2;17;40;3;1;1;3;3;5;4;5;0;
277;21/07/2021;16;4;;;;;;;;0;;0;;;;;;;;;;;;;;;;;;;;;;;;;;;;;;;;;;;
278;21/07/2021;16;4;6;35;1;1;2;16;15;0;450;1;2;0;280;16;17;104;180;3;140;200;3;16;15;18;0;15;3;3;16;16;0,6;12;3;16;17;2;2;1;3;1;5;5;2;0;
279;21/07/2021;16;4;5;21;1;1;1;16;22;0;400;0;3;30;230;16;24;132;200;3;109;180;3;16;26;29;0;20;2;3;16;23;0,5;50;2;16;27;3;2;1;3;1;1;2;2;0;
280;21/07/2021;16;4;1;32;1;1;1;17;18;0;350;0;2;0;350;17;19;86;150;2;132;200;2;17;19;177;1;0;3;2;17;20;3,9;200;3;17;20;3;1;1;1;1;3;5;2;0;
281;21/07/2021;16;4;2;60;1;1;1;17;26;1;450;1;2;6;320;17;29;130;250;3;150;280;3;17;28;232;1;25;3;2;17;27;3,5;260;3;17;29;3;3;1;3;1;5;2;2;0;
282;21/07/2021;16;4;3;39;1;1;1;17;32;1;500;0;3;0;400;17;34;117;200;2;88;;2;17;34;305;2;20;3;2;17;33;5;350;3;17;35;3;2;1;3;2;5;5;2;0;
283;21/07/2021;16;4;4;66;1;1;1;17;40;1;500;1;2;0;320;17;41;167;320;4;130;250;3;17;40;206;0;50;4;3;17;42;2,65;240;3;17;42;3;3;1;3;1;2;2;2;0;
284;21/07/2021;16;4;4;50;1;1;1;17;45;1;525;1;2;0;330;17;46;143;300;4;;260;4;17;46;314;1;45;4;4;17;47;5,3;475;3;17;47;3;2;2;3;2;5;5;5;0;
285;21/07/2021;16;4;6;24;2;1;2;17;46;0;300;1;2;0;400;17;47;;300;2;;300;2;17;46;263;1;30;3;2;17;47;4,9;250;3;17;48;3;3;1;3;1;5;5;2;0;
