"","Jour.circulation","Depart.theo.SAT","Depart.real.SAT","Heure.franchissement","CumDist","Duration","Vitesse","Interpolated"
"1","21/07/2021",15.85,15.8472222222222,16.0816666666667,0,0,0,"Yes"
"2","21/07/2021",15.85,15.8472222222222,16.0855555555556,0.01,0.233333333333263,5,"Yes"
"3","21/07/2021",15.85,15.8472222222222,16.0872222222222,0.02,0.333333333333385,8,"Yes"
"4","21/07/2021",15.85,15.8472222222222,16.0883333333333,0.03,0.400000000000063,8,"No"
"5","21/07/2021",15.85,15.8472222222222,16.0883333333333,0.03,0.400000000000063,8,"No"
"6","21/07/2021",15.85,15.8472222222222,16.0894444444444,0.04,0.46666666666674,8,"No"
"7","21/07/2021",15.85,15.8472222222222,16.0908333333333,0.05,0.549999999999926,10,"Yes"
"8","21/07/2021",15.85,15.8472222222222,16.0916666666667,0.06,0.599999999999881,15,"Yes"
"9","21/07/2021",15.85,15.8472222222222,16.0922222222222,0.07,0.633333333333326,18,"Yes"
"10","21/07/2021",15.85,15.8472222222222,16.0927777777778,0.08,0.666666666666558,20,"Yes"
"11","21/07/2021",15.85,15.8472222222222,16.0933333333333,0.09,0.700000000000003,23,"Yes"
"12","21/07/2021",15.85,15.8472222222222,16.0936111111111,0.1,0.716666666666725,25,"Yes"
"13","21/07/2021",15.85,15.8472222222222,16.0944444444444,0.12,0.76666666666668,28,"Yes"
"14","21/07/2021",15.85,15.8472222222222,16.0947222222222,0.13,0.783333333333402,30,"Yes"
"15","21/07/2021",15.85,15.8472222222222,16.0958333333333,0.16,0.85000000000008,33,"Yes"
"16","21/07/2021",15.85,15.8472222222222,16.0966666666667,0.19,0.900000000000034,35,"Yes"
"17","21/07/2021",15.85,15.8472222222222,16.0977777777778,0.23,0.966666666666711,38,"Yes"
"18","21/07/2021",15.85,15.8472222222222,16.0988888888889,0.27,1.03333333333339,40,"Yes"
"19","21/07/2021",15.85,15.8472222222222,16.1002777777778,0.33,1.11666666666657,43,"Yes"
"20","21/07/2021",15.85,15.8472222222222,16.1011111111111,0.37,1.16666666666674,45,"Yes"
"21","21/07/2021",15.85,15.8472222222222,16.1033333333333,0.48,1.29999999999988,50,"Yes"
"22","21/07/2021",15.85,15.8472222222222,16.1061111111111,0.62,1.46666666666668,55,"Yes"
"23","21/07/2021",15.85,15.8472222222222,16.11,0.82,1.69999999999995,59,"No"
"24","21/07/2021",15.85,15.8472222222222,16.1108333333333,0.86,1.7499999999999,60,"Yes"
"25","21/07/2021",15.85,15.8472222222222,16.1208333333333,1.49,2.34999999999999,65,"Yes"
"26","21/07/2021",15.85,15.8472222222222,16.1216666666667,1.54,2.39999999999995,65,"No"
"27","21/07/2021",15.85,15.8472222222222,16.1222222222222,1.55,2.43333333333339,65,"No"
"28","21/07/2021",15.85,15.8472222222222,16.1227777777778,1.61,2.46666666666663,65,"No"
"29","21/07/2021",15.85,15.8472222222222,16.1263888888889,1.83,2.68333333333338,60,"Yes"
"30","21/07/2021",15.85,15.8472222222222,16.1272222222222,1.86,2.73333333333333,59,"No"
"31","21/07/2021",15.85,15.8472222222222,16.1277777777778,1.9,2.76666666666657,59,"No"
"32","21/07/2021",15.85,15.8472222222222,16.13,2.04,2.89999999999992,62,"No"
"33","21/07/2021",15.85,15.8472222222222,16.1305555555556,2.06,2.93333333333337,63,"No"
"34","21/07/2021",15.85,15.8472222222222,16.1311111111111,2.1,2.9666666666666,65,"Yes"
"35","21/07/2021",15.85,15.8472222222222,16.1316666666667,2.15,3.00000000000004,66,"No"
"36","21/07/2021",15.85,15.8472222222222,16.1322222222222,2.18,3.03333333333327,67,"No"
"37","21/07/2021",15.85,15.8472222222222,16.1327777777778,2.2,3.06666666666672,66,"No"
"38","21/07/2021",15.85,15.8472222222222,16.1333333333333,2.24,3.09999999999995,63,"No"
"39","21/07/2021",15.85,15.8472222222222,16.1344444444444,2.31,3.16666666666663,61,"No"
"40","21/07/2021",15.85,15.8472222222222,16.1361111111111,2.4,3.26666666666675,59,"No"
"41","21/07/2021",15.85,15.8472222222222,16.1386111111111,2.55,3.41666666666661,55,"Yes"
"42","21/07/2021",15.85,15.8472222222222,16.1416666666667,2.71,3.59999999999992,52,"No"
"43","21/07/2021",15.85,15.8472222222222,16.1463888888889,2.95,3.88333333333335,50,"Yes"
"44","21/07/2021",15.85,15.8472222222222,16.1538888888889,3.34,4.33333333333337,51,"No"
"45","21/07/2021",15.85,15.8472222222222,16.1544444444444,3.37,4.3666666666666,51,"No"
"46","21/07/2021",15.85,15.8472222222222,16.155,3.38,4.40000000000005,51,"No"
"47","21/07/2021",15.85,15.8472222222222,16.1561111111111,3.45,4.46666666666673,54,"No"
"48","21/07/2021",15.85,15.8472222222222,16.1566666666667,3.46,4.49999999999996,55,"Yes"
"49","21/07/2021",15.85,15.8472222222222,16.1730555555556,4.41,5.48333333333339,60,"Yes"
"50","21/07/2021",15.85,15.8472222222222,16.1802777777778,4.85,5.91666666666669,65,"Yes"
"51","21/07/2021",15.85,15.8472222222222,16.1811111111111,4.89,5.96666666666664,65,"No"
"52","21/07/2021",15.85,15.8472222222222,16.1886111111111,5.39,6.41666666666666,70,"Yes"
"53","21/07/2021",15.85,15.8472222222222,16.1983333333333,6.08,7.00000000000003,74,"No"
"54","21/07/2021",15.85,15.8472222222222,16.2008333333333,6.26,7.14999999999989,75,"Yes"
"55","21/07/2021",15.85,15.8472222222222,16.2183333333333,7.59,8.2,78,"No"
"56","21/07/2021",15.85,15.8472222222222,16.225,8.12,8.60000000000007,80,"Yes"
"57","21/07/2021",15.85,15.8472222222222,16.2272222222222,8.31,8.73333333333342,84,"No"
"58","21/07/2021",15.85,15.8472222222222,16.2277777777778,8.33,8.76666666666665,84,"No"
"59","21/07/2021",15.85,15.8472222222222,16.2283333333333,8.39,8.79999999999988,84,"No"
"60","21/07/2021",15.85,15.8472222222222,16.2288888888889,8.45,8.83333333333333,84,"No"
"61","21/07/2021",15.85,15.8472222222222,16.2366666666667,9.11,9.30000000000007,81,"No"
"62","21/07/2021",15.85,15.8472222222222,16.2405555555556,9.41,9.53333333333333,85,"Yes"
"63","21/07/2021",15.85,15.8472222222222,16.2444444444444,9.74,9.76666666666659,80,"Yes"
"64","21/07/2021",15.85,15.8472222222222,16.2466666666667,9.92,9.89999999999995,75,"Yes"
"65","21/07/2021",15.85,15.8472222222222,16.2488888888889,10.08,10.0333333333333,70,"Yes"
"66","21/07/2021",15.85,15.8472222222222,16.2511111111111,10.23,10.1666666666667,65,"Yes"
"67","21/07/2021",15.85,15.8472222222222,16.2516666666667,10.25,10.1999999999999,65,"No"
"68","21/07/2021",15.85,15.8472222222222,16.2536111111111,10.37,10.3166666666667,60,"Yes"
"69","21/07/2021",15.85,15.8472222222222,16.255,10.46,10.3999999999999,57,"No"
"70","21/07/2021",15.85,15.8472222222222,16.2555555555556,10.49,10.4333333333334,56,"No"
"71","21/07/2021",15.85,15.8472222222222,16.2566666666667,10.54,10.5,55,"No"
"72","21/07/2021",15.85,15.8472222222222,16.2583333333333,10.67,10.6,58,"No"
"73","21/07/2021",15.85,15.8472222222222,16.2591666666667,10.7,10.6499999999999,60,"Yes"
"74","21/07/2021",15.85,15.8472222222222,16.26,10.74,10.7000000000001,61,"No"
"75","21/07/2021",15.85,15.8472222222222,16.2622222222222,10.88,10.8333333333332,65,"Yes"
"76","21/07/2021",15.85,15.8472222222222,16.265,11.07,11,70,"Yes"
"77","21/07/2021",15.85,15.8472222222222,16.2675,11.25,11.1499999999999,75,"Yes"
"78","21/07/2021",15.85,15.8472222222222,16.2691666666667,11.39,11.25,80,"Yes"
"79","21/07/2021",15.85,15.8472222222222,16.2708333333333,11.52,11.3499999999999,85,"Yes"
"80","21/07/2021",15.85,15.8472222222222,16.2722222222222,11.63,11.4333333333333,90,"Yes"
"81","21/07/2021",15.85,15.8472222222222,16.2733333333333,11.74,11.5,95,"Yes"
"82","21/07/2021",15.85,15.8472222222222,16.2733333333333,11.75,11.5,95,"No"
"83","21/07/2021",15.85,15.8472222222222,16.2738888888889,11.76,11.5333333333332,96,"No"
"84","21/07/2021",15.85,15.8472222222222,16.2744444444444,11.83,11.5666666666667,100,"Yes"
"85","21/07/2021",15.85,15.8472222222222,16.2755555555556,11.92,11.6333333333333,105,"Yes"
"86","21/07/2021",15.85,15.8472222222222,16.2761111111111,11.99,11.6666666666666,110,"Yes"
"87","21/07/2021",15.85,15.8472222222222,16.2766666666667,12.06,11.7,115,"Yes"
"88","21/07/2021",15.85,15.8472222222222,16.2772222222222,12.13,11.7333333333332,120,"Yes"
"89","21/07/2021",15.85,15.8472222222222,16.2777777777778,12.2,11.7666666666667,125,"Yes"
"90","21/07/2021",15.85,15.8472222222222,16.2786111111111,12.28,11.8166666666666,130,"Yes"
"91","21/07/2021",15.85,15.8472222222222,16.2791666666667,12.37,11.8499999999999,135,"Yes"
"92","21/07/2021",15.85,15.8472222222222,16.28,12.47,11.9,140,"Yes"
"93","21/07/2021",15.85,15.8472222222222,16.2808333333333,12.59,11.95,145,"Yes"
"94","21/07/2021",15.85,15.8472222222222,16.2816666666667,12.72,12,150,"Yes"
"95","21/07/2021",15.85,15.8472222222222,16.2825,12.86,12.0499999999999,155,"Yes"
"96","21/07/2021",15.85,15.8472222222222,16.2836111111111,13.02,12.1166666666666,160,"Yes"
"97","21/07/2021",15.85,15.8472222222222,16.2844444444444,13.18,12.1666666666665,165,"Yes"
"98","21/07/2021",15.85,15.8472222222222,16.285,13.26,12.2,167,"No"
"99","21/07/2021",15.85,15.8472222222222,16.2852777777778,13.34,12.2166666666667,170,"Yes"
"100","21/07/2021",15.85,15.8472222222222,16.2863888888889,13.53,12.2833333333334,175,"Yes"
"101","21/07/2021",15.85,15.8472222222222,16.2872222222222,13.68,12.3333333333333,178,"No"
"102","21/07/2021",15.85,15.8472222222222,16.2877777777778,13.74,12.3666666666666,177,"No"
"103","21/07/2021",15.85,15.8472222222222,16.2883333333333,13.84,12.4,176,"No"
"104","21/07/2021",15.85,15.8472222222222,16.2927777777778,14.62,12.6666666666667,180,"Yes"
"105","21/07/2021",15.85,15.8472222222222,16.295,15.03,12.8000000000001,185,"Yes"
"106","21/07/2021",15.85,15.8472222222222,16.2972222222222,15.47,12.9333333333332,190,"Yes"
"107","21/07/2021",15.85,15.8472222222222,16.2988888888889,15.79,13.0333333333333,195,"Yes"
"108","21/07/2021",15.85,15.8472222222222,16.3,16.01,13.1,200,"Yes"
"109","21/07/2021",15.85,15.8472222222222,16.3016666666667,16.32,13.1999999999999,205,"Yes"
"110","21/07/2021",15.85,15.8472222222222,16.3016666666667,16.35,13.1999999999999,205,"No"
"111","21/07/2021",15.85,15.8472222222222,16.3044444444444,16.92,13.3666666666667,205,"No"
"112","21/07/2021",15.85,15.8472222222222,16.3083333333333,17.76,13.6,205,"No"
"113","21/07/2021",15.85,15.8472222222222,16.3088888888889,17.78,13.6333333333332,205,"No"
"114","21/07/2021",15.85,15.8472222222222,16.31,18.08,13.6999999999999,205,"No"
"115","21/07/2021",15.85,15.8472222222222,16.3122222222222,18.49,13.8333333333333,210,"Yes"
"116","21/07/2021",15.85,15.8472222222222,16.3133333333333,18.76,13.8999999999999,215,"Yes"
"117","21/07/2021",15.85,15.8472222222222,16.3144444444444,18.98,13.9666666666666,220,"Yes"
"118","21/07/2021",15.85,15.8472222222222,16.3152777777778,19.18,14.0166666666666,225,"Yes"
"119","21/07/2021",15.85,15.8472222222222,16.3163888888889,19.4,14.0833333333332,230,"Yes"
"120","21/07/2021",15.85,15.8472222222222,16.3172222222222,19.57,14.1333333333334,231,"No"
"121","21/07/2021",15.85,15.8472222222222,16.3202777777778,20.29,14.3166666666667,225,"Yes"
"122","21/07/2021",15.85,15.8472222222222,16.3216666666667,20.61,14.3999999999999,220,"Yes"
"123","21/07/2021",15.85,15.8472222222222,16.3247222222222,21.3,14.5833333333332,215,"Yes"
"124","21/07/2021",15.85,15.8472222222222,16.325,21.38,14.5999999999999,215,"No"
"125","21/07/2021",15.85,15.8472222222222,16.3255555555556,21.46,14.6333333333334,215,"No"
"126","21/07/2021",15.85,15.8472222222222,16.3261111111111,21.55,14.6666666666666,214,"No"
"127","21/07/2021",15.85,15.8472222222222,16.3266666666667,21.67,14.7000000000001,212,"No"
"128","21/07/2021",15.85,15.8472222222222,16.3269444444444,21.76,14.7166666666666,210,"Yes"
"129","21/07/2021",15.85,15.8472222222222,16.3272222222222,21.87,14.7333333333333,210,"No"
"130","21/07/2021",15.85,15.8472222222222,16.33,22.38,14.8999999999999,213,"No"
"131","21/07/2021",15.85,15.8472222222222,16.3305555555556,22.51,14.9333333333333,215,"Yes"
"132","21/07/2021",15.85,15.8472222222222,16.3311111111111,22.64,14.9666666666666,216,"No"
"133","21/07/2021",15.85,15.8472222222222,16.3355555555556,23.57,15.2333333333333,217,"No"
"134","21/07/2021",15.85,15.8472222222222,16.3388888888889,24.29,15.4333333333333,218,"No"
"135","21/07/2021",15.85,15.8472222222222,16.3430555555556,25.2,15.6833333333333,210,"Yes"
"136","21/07/2021",15.85,15.8472222222222,16.3433333333333,25.27,15.7,210,"No"
"137","21/07/2021",15.85,15.8472222222222,16.345,25.65,15.7999999999999,205,"Yes"
"138","21/07/2021",15.85,15.8472222222222,16.3494444444444,26.53,16.0666666666666,201,"No"
"139","21/07/2021",15.85,15.8472222222222,16.3530555555556,27.28,16.2833333333334,210,"Yes"
"140","21/07/2021",15.85,15.8472222222222,16.3547222222222,27.59,16.3833333333333,215,"Yes"
"141","21/07/2021",15.85,15.8472222222222,16.3558333333333,27.86,16.45,220,"Yes"
"142","21/07/2021",15.85,15.8472222222222,16.3569444444444,28.13,16.5166666666666,225,"Yes"
"143","21/07/2021",15.85,15.8472222222222,16.3586111111111,28.48,16.6166666666665,230,"Yes"
"144","21/07/2021",15.85,15.8472222222222,16.36,28.8,16.6999999999999,231,"No"
"145","21/07/2021",15.85,15.8472222222222,16.3625,29.42,16.85,235,"Yes"
"146","21/07/2021",15.85,15.8472222222222,16.3661111111111,30.25,17.0666666666666,238,"No"
"147","21/07/2021",15.85,15.8472222222222,16.3688888888889,30.95,17.2333333333334,235,"No"
"148","21/07/2021",15.85,15.8472222222222,16.3786111111111,33.22,17.8166666666667,240,"Yes"
"149","21/07/2021",15.85,15.8472222222222,16.3816666666667,33.93,18,245,"Yes"
"150","21/07/2021",15.85,15.8472222222222,16.3830555555556,34.29,18.0833333333332,250,"Yes"
"151","21/07/2021",15.85,15.8472222222222,16.3852777777778,34.81,18.2166666666666,255,"Yes"
"152","21/07/2021",15.85,15.8472222222222,16.3875,35.42,18.3499999999999,260,"Yes"
"153","21/07/2021",15.85,15.8472222222222,16.39,36.07,18.5,265,"Yes"
"154","21/07/2021",15.85,15.8472222222222,16.3919444444444,36.57,18.6166666666666,270,"Yes"
"155","21/07/2021",15.85,15.8472222222222,16.3938888888889,37.1,18.7333333333333,275,"Yes"
"156","21/07/2021",15.85,15.8472222222222,16.4072222222222,40.82,19.5333333333334,280,"Yes"
"157","21/07/2021",15.85,15.8472222222222,16.41,41.52,19.7,282,"No"
"158","21/07/2021",15.85,15.8472222222222,16.4116666666667,42.05,19.7999999999999,280,"No"
"159","21/07/2021",15.85,15.8472222222222,16.4194444444444,44.15,20.2666666666666,283,"No"
"160","21/07/2021",15.85,15.8472222222222,16.4222222222222,44.96,20.4333333333332,280,"No"
"161","21/07/2021",15.85,15.8472222222222,16.4244444444444,45.68,20.5666666666666,281,"No"
"162","21/07/2021",15.85,15.8472222222222,16.43,47.17,20.9,280,"No"
"163","21/07/2021",15.85,15.8472222222222,16.4333333333333,48.14,21.1,275,"Yes"
"164","21/07/2021",15.85,15.8472222222222,16.4436111111111,51,21.7166666666666,280,"Yes"
"165","21/07/2021",15.85,15.8472222222222,16.445,51.38,21.8,282,"No"
"166","21/07/2021",15.85,15.8472222222222,16.4466666666667,51.9,21.8999999999999,280,"No"
"167","21/07/2021",15.85,15.8472222222222,16.4505555555556,52.9,22.1333333333334,279,"No"
"168","21/07/2021",15.85,15.8472222222222,16.4511111111111,53.02,22.1666666666666,278,"No"
"169","21/07/2021",15.85,15.8472222222222,16.4519444444444,53.21,22.2166666666666,275,"Yes"
"170","21/07/2021",15.85,15.8472222222222,16.4552777777778,54.15,22.4166666666666,270,"Yes"
"171","21/07/2021",15.85,15.8472222222222,16.4572222222222,54.68,22.5333333333332,271,"No"
"172","21/07/2021",15.85,15.8472222222222,16.4577777777778,54.88,22.5666666666667,271,"No"
"173","21/07/2021",15.85,15.8472222222222,16.4583333333333,54.97,22.5999999999999,271,"No"
"174","21/07/2021",15.85,15.8472222222222,16.4588888888889,55.14,22.6333333333334,271,"No"
"175","21/07/2021",15.85,15.8472222222222,16.4594444444444,55.34,22.6666666666666,269,"No"
"176","21/07/2021",15.85,15.8472222222222,16.4602777777778,55.55,22.7166666666665,265,"Yes"
"177","21/07/2021",15.85,15.8472222222222,16.4613888888889,55.83,22.7833333333332,260,"Yes"
"178","21/07/2021",15.85,15.8472222222222,16.4625,56.11,22.8499999999999,255,"Yes"
"179","21/07/2021",15.85,15.8472222222222,16.4636111111111,56.4,22.9166666666666,250,"Yes"
"180","21/07/2021",15.85,15.8472222222222,16.465,56.77,23,245,"Yes"
"181","21/07/2021",15.85,15.8472222222222,16.4661111111111,57.01,23.0666666666666,244,"No"
"182","21/07/2021",15.85,15.8472222222222,16.4691666666667,57.77,23.25,250,"Yes"
"183","21/07/2021",15.85,15.8472222222222,16.4755555555556,59.35,23.6333333333333,245,"Yes"
"184","21/07/2021",15.85,15.8472222222222,16.4766666666667,59.63,23.7,244,"No"
"185","21/07/2021",15.85,15.8472222222222,16.4836111111111,61.36,24.1166666666665,250,"Yes"
"186","21/07/2021",15.85,15.8472222222222,16.4869444444444,62.19,24.3166666666666,255,"Yes"
"187","21/07/2021",15.85,15.8472222222222,16.4894444444444,62.82,24.4666666666667,260,"Yes"
"188","21/07/2021",15.85,15.8472222222222,16.4941666666667,64.06,24.7500000000001,265,"Yes"
"189","21/07/2021",15.85,15.8472222222222,16.4961111111111,64.61,24.8666666666667,265,"No"
"190","21/07/2021",15.85,15.8472222222222,16.4977777777778,65.01,24.9666666666666,263,"No"
"191","21/07/2021",15.85,15.8472222222222,16.5130555555556,68.98,25.8833333333334,260,"Yes"
"192","21/07/2021",15.85,15.8472222222222,16.5166666666667,69.94,26.0999999999999,265,"Yes"
"193","21/07/2021",15.85,15.8472222222222,16.5172222222222,70.04,26.1333333333334,266,"No"
"194","21/07/2021",15.85,15.8472222222222,16.5177777777778,70.21,26.1666666666666,267,"No"
"195","21/07/2021",15.85,15.8472222222222,16.5202777777778,70.89,26.3166666666667,260,"Yes"
"196","21/07/2021",15.85,15.8472222222222,16.5213888888889,71.18,26.3833333333334,255,"Yes"
"197","21/07/2021",15.85,15.8472222222222,16.5216666666667,71.33,26.4000000000001,253,"No"
"198","21/07/2021",15.85,15.8472222222222,16.5227777777778,71.56,26.4666666666665,250,"Yes"
"199","21/07/2021",15.85,15.8472222222222,16.5238888888889,71.84,26.5333333333332,245,"Yes"
"200","21/07/2021",15.85,15.8472222222222,16.5244444444444,71.99,26.5666666666667,242,"No"
"201","21/07/2021",15.85,15.8472222222222,16.525,72.07,26.5999999999999,240,"Yes"
"202","21/07/2021",15.85,15.8472222222222,16.5258333333333,72.33,26.6500000000001,235,"Yes"
"203","21/07/2021",15.85,15.8472222222222,16.5286111111111,72.99,26.8166666666666,240,"Yes"
"204","21/07/2021",15.85,15.8472222222222,16.5297222222222,73.23,26.8833333333333,245,"Yes"
"205","21/07/2021",15.85,15.8472222222222,16.5308333333333,73.52,26.95,250,"Yes"
"206","21/07/2021",15.85,15.8472222222222,16.5369444444444,75.02,27.3166666666666,245,"Yes"
"207","21/07/2021",15.85,15.8472222222222,16.54,75.78,27.4999999999999,240,"Yes"
"208","21/07/2021",15.85,15.8472222222222,16.5436111111111,76.6,27.7166666666667,235,"Yes"
"209","21/07/2021",15.85,15.8472222222222,16.5469444444444,77.42,27.9166666666667,230,"Yes"
"210","21/07/2021",15.85,15.8472222222222,16.5497222222222,78.04,28.0833333333333,235,"Yes"
"211","21/07/2021",15.85,15.8472222222222,16.5505555555556,78.25,28.1333333333333,240,"Yes"
"212","21/07/2021",15.85,15.8472222222222,16.5513888888889,78.43,28.1833333333332,245,"Yes"
"213","21/07/2021",15.85,15.8472222222222,16.5522222222222,78.61,28.2333333333334,250,"Yes"
"214","21/07/2021",15.85,15.8472222222222,16.5527777777778,78.79,28.2666666666666,255,"Yes"
"215","21/07/2021",15.85,15.8472222222222,16.5536111111111,79,28.3166666666666,260,"Yes"
"216","21/07/2021",15.85,15.8472222222222,16.5544444444444,79.19,28.3666666666667,262,"No"
"217","21/07/2021",15.85,15.8472222222222,16.5552777777778,79.4,28.4166666666667,265,"Yes"
"218","21/07/2021",15.85,15.8472222222222,16.5661111111111,82.25,29.0666666666667,260,"Yes"
"219","21/07/2021",15.85,15.8472222222222,16.5661111111111,82.29,29.0666666666667,260,"No"
"220","21/07/2021",15.85,15.8472222222222,16.5722222222222,83.92,29.4333333333334,262,"No"
"221","21/07/2021",15.85,15.8472222222222,16.5727777777778,84.05,29.4666666666666,262,"No"
"222","21/07/2021",15.85,15.8472222222222,16.5733333333333,84.14,29.5,262,"No"
"223","21/07/2021",15.85,15.8472222222222,16.5738888888889,84.34,29.5333333333333,260,"No"
"224","21/07/2021",15.85,15.8472222222222,16.575,84.6,29.5999999999999,256,"No"
"225","21/07/2021",15.85,15.8472222222222,16.5752777777778,84.63,29.6166666666667,255,"Yes"
"226","21/07/2021",15.85,15.8472222222222,16.5763888888889,84.94,29.6833333333333,250,"Yes"
"227","21/07/2021",15.85,15.8472222222222,16.5775,85.23,29.75,245,"Yes"
"228","21/07/2021",15.85,15.8472222222222,16.5786111111111,85.51,29.8166666666667,240,"Yes"
"229","21/07/2021",15.85,15.8472222222222,16.58,85.8,29.8999999999999,235,"Yes"
"230","21/07/2021",15.85,15.8472222222222,16.5816666666667,86.19,30,232,"No"
"231","21/07/2021",15.85,15.8472222222222,16.585,87,30.2,237,"No"
"232","21/07/2021",15.85,15.8472222222222,16.5886111111111,87.85,30.4166666666666,230,"Yes"
"233","21/07/2021",15.85,15.8472222222222,16.5897222222222,88.14,30.4833333333332,225,"Yes"
"234","21/07/2021",15.85,15.8472222222222,16.5905555555556,88.31,30.5333333333334,223,"No"
"235","21/07/2021",15.85,15.8472222222222,16.5911111111111,88.43,30.5666666666666,220,"Yes"
"236","21/07/2021",15.85,15.8472222222222,16.5911111111111,88.44,30.5666666666666,220,"No"
"237","21/07/2021",15.85,15.8472222222222,16.5925,88.75,30.65,215,"Yes"
"238","21/07/2021",15.85,15.8472222222222,16.5941666666667,89.13,30.75,210,"Yes"
"239","21/07/2021",15.85,15.8472222222222,16.5961111111111,89.53,30.8666666666666,208,"No"
"240","21/07/2021",15.85,15.8472222222222,16.5966666666667,89.54,30.9,208,"No"
"241","21/07/2021",15.85,15.8472222222222,16.5991666666667,90.09,31.0499999999999,215,"Yes"
"242","21/07/2021",15.85,15.8472222222222,16.6,90.28,31.1000000000001,218,"No"
"243","21/07/2021",15.85,15.8472222222222,16.6005555555556,90.41,31.1333333333333,220,"Yes"
"244","21/07/2021",15.85,15.8472222222222,16.605,91.4,31.4,221,"No"
"245","21/07/2021",15.85,15.8472222222222,16.6091666666667,92.33,31.65,225,"Yes"
"246","21/07/2021",15.85,15.8472222222222,16.6116666666667,92.91,31.8000000000001,229,"No"
"247","21/07/2021",15.85,15.8472222222222,16.6119444444444,92.99,31.8166666666666,230,"Yes"
"248","21/07/2021",15.85,15.8472222222222,16.6133333333333,93.28,31.9,230,"No"
"249","21/07/2021",15.85,15.8472222222222,16.6216666666667,95.2,32.3999999999999,232,"No"
"250","21/07/2021",15.85,15.8472222222222,16.6225,95.47,32.4499999999999,235,"Yes"
"251","21/07/2021",15.85,15.8472222222222,16.6233333333333,95.68,32.5000000000001,238,"No"
"252","21/07/2021",15.85,15.8472222222222,16.6238888888889,95.73,32.5333333333333,239,"No"
"253","21/07/2021",15.85,15.8472222222222,16.6241666666667,95.8,32.55,240,"Yes"
"254","21/07/2021",15.85,15.8472222222222,16.625,95.95,32.6,240,"No"
"255","21/07/2021",15.85,15.8472222222222,16.6266666666667,96.38,32.6999999999999,235,"Yes"
"256","21/07/2021",15.85,15.8472222222222,16.6277777777778,96.62,32.7666666666666,230,"Yes"
"257","21/07/2021",15.85,15.8472222222222,16.6286111111111,96.83,32.8166666666667,225,"Yes"
"258","21/07/2021",15.85,15.8472222222222,16.6288888888889,96.93,32.8333333333332,223,"No"
"259","21/07/2021",15.85,15.8472222222222,16.6294444444444,97.01,32.8666666666667,221,"No"
"260","21/07/2021",15.85,15.8472222222222,16.6294444444444,97.03,32.8666666666667,220,"Yes"
"261","21/07/2021",15.85,15.8472222222222,16.6308333333333,97.34,32.9499999999999,215,"Yes"
"262","21/07/2021",15.85,15.8472222222222,16.6316666666667,97.53,33,215,"No"
"263","21/07/2021",15.85,15.8472222222222,16.6344444444444,98.13,33.1666666666666,214,"No"
"264","21/07/2021",15.85,15.8472222222222,16.6366666666667,98.6,33.3,210,"Yes"
"265","21/07/2021",15.85,15.8472222222222,16.6386111111111,99,33.4166666666666,205,"Yes"
"266","21/07/2021",15.85,15.8472222222222,16.64,99.28,33.5,202,"No"
"267","21/07/2021",15.85,15.8472222222222,16.6411111111111,99.51,33.5666666666667,200,"Yes"
"268","21/07/2021",15.85,15.8472222222222,16.6455555555556,100.44,33.8333333333334,201,"No"
"269","21/07/2021",15.85,15.8472222222222,16.6461111111111,100.46,33.8666666666666,201,"No"
"270","21/07/2021",15.85,15.8472222222222,16.6483333333333,100.99,34,197,"No"
"271","21/07/2021",15.85,15.8472222222222,16.6491666666667,101.13,34.0499999999999,195,"Yes"
"272","21/07/2021",15.85,15.8472222222222,16.6516666666667,101.64,34.2,193,"No"
"273","21/07/2021",15.85,15.8472222222222,16.6555555555556,102.36,34.4333333333333,191,"No"
"274","21/07/2021",15.85,15.8472222222222,16.6561111111111,102.51,34.4666666666667,190,"Yes"
"275","21/07/2021",15.85,15.8472222222222,16.6597222222222,103.18,34.6833333333333,185,"Yes"
"276","21/07/2021",15.85,15.8472222222222,16.66,103.24,34.7,185,"No"
"277","21/07/2021",15.85,15.8472222222222,16.6605555555556,103.25,34.7333333333332,185,"No"
"278","21/07/2021",15.85,15.8472222222222,16.6633333333333,103.76,34.9,190,"Yes"
"279","21/07/2021",15.85,15.8472222222222,16.6633333333333,103.77,34.9,190,"No"
"280","21/07/2021",15.85,15.8472222222222,16.6638888888889,103.96,34.9333333333333,193,"No"
"281","21/07/2021",15.85,15.8472222222222,16.6672222222222,104.55,35.1333333333333,194,"No"
"282","21/07/2021",15.85,15.8472222222222,16.6680555555556,104.72,35.1833333333332,195,"Yes"
"283","21/07/2021",15.85,15.8472222222222,16.6727777777778,105.61,35.4666666666667,197,"No"
"284","21/07/2021",15.85,15.8472222222222,16.6738888888889,105.91,35.5333333333333,199,"No"
"285","21/07/2021",15.85,15.8472222222222,16.6744444444444,105.98,35.5666666666666,200,"Yes"
"286","21/07/2021",15.85,15.8472222222222,16.675,106.03,35.6,200,"No"
"287","21/07/2021",15.85,15.8472222222222,16.6861111111111,108.32,36.2666666666666,205,"Yes"
"288","21/07/2021",15.85,15.8472222222222,16.6891666666667,108.92,36.4499999999999,200,"Yes"
"289","21/07/2021",15.85,15.8472222222222,16.6905555555556,109.19,36.5333333333333,195,"Yes"
"290","21/07/2021",15.85,15.8472222222222,16.6905555555556,109.23,36.5333333333333,195,"No"
"291","21/07/2021",15.85,15.8472222222222,16.6955555555556,110.15,36.8333333333332,198,"No"
"292","21/07/2021",15.85,15.8472222222222,16.6977777777778,110.59,36.9666666666666,200,"Yes"
"293","21/07/2021",15.85,15.8472222222222,16.6994444444444,110.94,37.0666666666667,205,"Yes"
"294","21/07/2021",15.85,15.8472222222222,16.7011111111111,111.29,37.1666666666666,210,"Yes"
"295","21/07/2021",15.85,15.8472222222222,16.7030555555556,111.66,37.2833333333332,215,"Yes"
"296","21/07/2021",15.85,15.8472222222222,16.7097222222222,113.12,37.6833333333333,220,"Yes"
"297","21/07/2021",15.85,15.8472222222222,16.71,113.2,37.7,220,"No"
"298","21/07/2021",15.85,15.8472222222222,16.7113888888889,113.52,37.7833333333332,225,"Yes"
"299","21/07/2021",15.85,15.8472222222222,16.7125,113.78,37.8499999999999,230,"Yes"
"300","21/07/2021",15.85,15.8472222222222,16.7133333333333,113.97,37.9000000000001,235,"Yes"
"301","21/07/2021",15.85,15.8472222222222,16.7141666666667,114.17,37.95,240,"Yes"
"302","21/07/2021",15.85,15.8472222222222,16.7152777777778,114.43,38.0166666666667,245,"Yes"
"303","21/07/2021",15.85,15.8472222222222,16.7155555555556,114.48,38.0333333333334,245,"No"
"304","21/07/2021",15.85,15.8472222222222,16.7161111111111,114.58,38.0666666666666,246,"No"
"305","21/07/2021",15.85,15.8472222222222,16.7166666666667,114.72,38.0999999999999,244,"No"
"306","21/07/2021",15.85,15.8472222222222,16.7172222222222,114.92,38.1333333333333,240,"No"
"307","21/07/2021",15.85,15.8472222222222,16.7177777777778,115.02,38.1666666666666,238,"No"
"308","21/07/2021",15.85,15.8472222222222,16.7183333333333,115.15,38.2,235,"Yes"
"309","21/07/2021",15.85,15.8472222222222,16.7188888888889,115.31,38.2333333333332,234,"No"
"310","21/07/2021",15.85,15.8472222222222,16.7208333333333,115.78,38.3500000000001,230,"Yes"
"311","21/07/2021",15.85,15.8472222222222,16.7227777777778,116.2,38.4666666666667,227,"No"
"312","21/07/2021",15.85,15.8472222222222,16.7236111111111,116.4,38.5166666666667,225,"Yes"
"313","21/07/2021",15.85,15.8472222222222,16.725,116.74,38.6000000000001,222,"No"
"314","21/07/2021",15.85,15.8472222222222,16.7255555555556,116.75,38.6333333333333,222,"No"
"315","21/07/2021",15.85,15.8472222222222,16.7261111111111,116.9,38.6666666666667,220,"Yes"
"316","21/07/2021",15.85,15.8472222222222,16.7261111111111,116.93,38.6666666666667,220,"No"
"317","21/07/2021",15.85,15.8472222222222,16.7266666666667,117.01,38.7,218,"No"
"318","21/07/2021",15.85,15.8472222222222,16.7269444444444,117.08,38.7166666666667,215,"Yes"
"319","21/07/2021",15.85,15.8472222222222,16.7272222222222,117.13,38.7333333333334,214,"No"
"320","21/07/2021",15.85,15.8472222222222,16.7277777777778,117.25,38.7666666666667,210,"Yes"
"321","21/07/2021",15.85,15.8472222222222,16.7277777777778,117.27,38.7666666666667,210,"No"
"322","21/07/2021",15.85,15.8472222222222,16.7286111111111,117.45,38.8166666666666,205,"Yes"
"323","21/07/2021",15.85,15.8472222222222,16.7297222222222,117.65,38.8833333333333,200,"Yes"
"324","21/07/2021",15.85,15.8472222222222,16.7308333333333,117.86,38.95,195,"Yes"
"325","21/07/2021",15.85,15.8472222222222,16.7316666666667,118.02,38.9999999999999,191,"No"
"326","21/07/2021",15.85,15.8472222222222,16.7319444444444,118.06,39.0166666666666,190,"Yes"
"327","21/07/2021",15.85,15.8472222222222,16.7322222222222,118.14,39.0333333333334,188,"No"
"328","21/07/2021",15.85,15.8472222222222,16.7327777777778,118.25,39.0666666666666,180,"Yes"
"329","21/07/2021",15.85,15.8472222222222,16.7330555555556,118.31,39.0833333333333,175,"Yes"
"330","21/07/2021",15.85,15.8472222222222,16.7333333333333,118.37,39.1,170,"Yes"
"331","21/07/2021",15.85,15.8472222222222,16.7336111111111,118.42,39.1166666666665,165,"Yes"
"332","21/07/2021",15.85,15.8472222222222,16.7341666666667,118.48,39.15,160,"Yes"
"333","21/07/2021",15.85,15.8472222222222,16.7344444444444,118.53,39.1666666666667,155,"Yes"
"334","21/07/2021",15.85,15.8472222222222,16.7344444444444,118.56,39.1666666666667,152,"No"
"335","21/07/2021",15.85,15.8472222222222,16.7344444444444,118.58,39.1666666666667,150,"Yes"
"336","21/07/2021",15.85,15.8472222222222,16.735,118.64,39.1999999999999,145,"Yes"
"337","21/07/2021",15.85,15.8472222222222,16.735,118.65,39.1999999999999,145,"No"
"338","21/07/2021",15.85,15.8472222222222,16.7355555555556,118.73,39.2333333333334,140,"Yes"
"339","21/07/2021",15.85,15.8472222222222,16.7366666666667,118.88,39.3000000000001,135,"Yes"
"340","21/07/2021",15.85,15.8472222222222,16.7377777777778,119.02,39.3666666666667,130,"Yes"
"341","21/07/2021",15.85,15.8472222222222,16.7386111111111,119.15,39.4166666666667,125,"Yes"
"342","21/07/2021",15.85,15.8472222222222,16.7388888888889,119.17,39.4333333333332,125,"No"
"343","21/07/2021",15.85,15.8472222222222,16.7394444444444,119.23,39.4666666666667,123,"No"
"344","21/07/2021",15.85,15.8472222222222,16.74,119.31,39.4999999999999,120,"Yes"
"345","21/07/2021",15.85,15.8472222222222,16.7425,119.61,39.65,125,"Yes"
"346","21/07/2021",15.85,15.8472222222222,16.7436111111111,119.75,39.7166666666666,130,"Yes"
"347","21/07/2021",15.85,15.8472222222222,16.7444444444444,119.86,39.7666666666666,135,"Yes"
"348","21/07/2021",15.85,15.8472222222222,16.7452777777778,119.97,39.8166666666665,140,"Yes"
"349","21/07/2021",15.85,15.8472222222222,16.7461111111111,120.07,39.8666666666667,145,"Yes"
"350","21/07/2021",15.85,15.8472222222222,16.7461111111111,120.08,39.8666666666667,145,"No"
"351","21/07/2021",15.85,15.8472222222222,16.7477777777778,120.34,39.9666666666666,150,"Yes"
"352","21/07/2021",15.85,15.8472222222222,16.7538888888889,121.22,40.3333333333332,145,"Yes"
"353","21/07/2021",15.85,15.8472222222222,16.7555555555556,121.46,40.4333333333334,143,"No"
"354","21/07/2021",15.85,15.8472222222222,16.7575,121.73,40.55,140,"Yes"
"355","21/07/2021",15.85,15.8472222222222,16.765,122.79,41,145,"Yes"
"356","21/07/2021",15.85,15.8472222222222,16.7655555555556,122.87,41.0333333333332,146,"No"
"357","21/07/2021",15.85,15.8472222222222,16.7661111111111,122.96,41.0666666666667,145,"No"
"358","21/07/2021",15.85,15.8472222222222,16.7669444444444,123.09,41.1166666666666,140,"Yes"
"359","21/07/2021",15.85,15.8472222222222,16.7672222222222,123.15,41.1333333333334,138,"No"
"360","21/07/2021",15.85,15.8472222222222,16.7677777777778,123.16,41.1666666666666,138,"No"
"361","21/07/2021",15.85,15.8472222222222,16.7688888888889,123.32,41.2333333333333,136,"No"
"362","21/07/2021",15.85,15.8472222222222,16.7691666666667,123.39,41.25,135,"Yes"
"363","21/07/2021",15.85,15.8472222222222,16.7697222222222,123.49,41.2833333333332,130,"Yes"
"364","21/07/2021",15.85,15.8472222222222,16.7705555555556,123.58,41.3333333333334,125,"Yes"
"365","21/07/2021",15.85,15.8472222222222,16.7711111111111,123.66,41.3666666666666,120,"Yes"
"366","21/07/2021",15.85,15.8472222222222,16.7719444444444,123.74,41.4166666666666,115,"Yes"
"367","21/07/2021",15.85,15.8472222222222,16.7722222222222,123.79,41.4333333333333,110,"Yes"
"368","21/07/2021",15.85,15.8472222222222,16.7727777777778,123.83,41.4666666666665,105,"Yes"
"369","21/07/2021",15.85,15.8472222222222,16.7730555555556,123.88,41.4833333333333,100,"Yes"
"370","21/07/2021",15.85,15.8472222222222,16.7736111111111,123.91,41.5166666666667,95,"Yes"
"371","21/07/2021",15.85,15.8472222222222,16.7738888888889,123.94,41.5333333333332,90,"Yes"
"372","21/07/2021",15.85,15.8472222222222,16.7741666666667,123.97,41.5499999999999,85,"Yes"
"373","21/07/2021",15.85,15.8472222222222,16.7744444444444,124,41.5666666666667,80,"Yes"
"374","21/07/2021",15.85,15.8472222222222,16.7747222222222,124.02,41.5833333333334,75,"Yes"
"375","21/07/2021",15.85,15.8472222222222,16.775,124.04,41.5999999999999,70,"Yes"
"376","21/07/2021",15.85,15.8472222222222,16.7755555555556,124.07,41.6333333333333,65,"Yes"
"377","21/07/2021",15.85,15.8472222222222,16.7758333333333,124.09,41.6500000000001,60,"Yes"
"378","21/07/2021",15.85,15.8472222222222,16.7761111111111,124.11,41.6666666666666,55,"Yes"
"379","21/07/2021",15.85,15.8472222222222,16.7766666666667,124.14,41.7,50,"Yes"
"380","21/07/2021",15.85,15.8472222222222,16.7772222222222,124.16,41.7333333333332,45,"Yes"
"381","21/07/2021",15.85,15.8472222222222,16.7775,124.17,41.75,42,"Yes"
"382","21/07/2021",15.85,15.8472222222222,16.7777777777778,124.18,41.7666666666667,37,"Yes"
"383","21/07/2021",15.85,15.8472222222222,16.7780555555556,124.19,41.7833333333334,35,"Yes"
"384","21/07/2021",15.85,15.8472222222222,16.7783333333333,124.2,41.7999999999999,32,"Yes"
"385","21/07/2021",15.85,15.8472222222222,16.7786111111111,124.21,41.8166666666666,30,"Yes"
"386","21/07/2021",15.85,15.8472222222222,16.7791666666667,124.23,41.8499999999999,27,"Yes"
"387","21/07/2021",15.85,15.8472222222222,16.7797222222222,124.24,41.8833333333333,25,"Yes"
"388","21/07/2021",15.85,15.8472222222222,16.7805555555556,124.26,41.9333333333333,22,"Yes"
"389","21/07/2021",15.85,15.8472222222222,16.7813888888889,124.28,41.9833333333332,20,"Yes"
"390","21/07/2021",15.85,15.8472222222222,16.7836111111111,124.32,42.1166666666666,17,"Yes"
"391","21/07/2021",15.85,15.8472222222222,16.7838888888889,124.33,42.1333333333333,16,"No"
"392","21/07/2021",15.85,15.8472222222222,16.785,124.34,42.2,11,"No"
"393","21/07/2021",15.85,15.8472222222222,16.8511111111111,125.13,46.1666666666667,91,"No"
"394","21/07/2021",15.85,15.8472222222222,16.8516666666667,125.19,46.2,95,"Yes"
"395","21/07/2021",15.85,15.8472222222222,16.8525,125.26,46.2499999999999,100,"Yes"
"396","21/07/2021",15.85,15.8472222222222,16.8530555555556,125.33,46.2833333333334,105,"Yes"
"397","21/07/2021",15.85,15.8472222222222,16.8538888888889,125.4,46.3333333333333,110,"Yes"
"398","21/07/2021",15.85,15.8472222222222,16.8544444444444,125.46,46.3666666666666,115,"Yes"
"399","21/07/2021",15.85,15.8472222222222,16.855,125.53,46.4,120,"Yes"
"400","21/07/2021",15.85,15.8472222222222,16.8555555555556,125.61,46.4333333333332,125,"Yes"
"401","21/07/2021",15.85,15.8472222222222,16.8561111111111,125.69,46.4666666666667,130,"Yes"
"402","21/07/2021",15.85,15.8472222222222,16.8569444444444,125.8,46.5166666666666,135,"Yes"
"403","21/07/2021",15.85,15.8472222222222,16.8580555555556,125.93,46.5833333333333,140,"Yes"
"404","21/07/2021",15.85,15.8472222222222,16.8719444444444,127.92,47.4166666666667,145,"Yes"
"405","21/07/2021",15.85,15.8472222222222,16.8738888888889,128.19,47.5333333333333,150,"Yes"
"406","21/07/2021",15.85,15.8472222222222,16.8752777777778,128.41,47.6166666666667,155,"Yes"
"407","21/07/2021",15.85,15.8472222222222,16.8766666666667,128.64,47.6999999999999,160,"Yes"
"408","21/07/2021",15.85,15.8472222222222,16.8780555555556,128.87,47.7833333333333,165,"Yes"
"409","21/07/2021",15.85,15.8472222222222,16.8797222222222,129.12,47.8833333333334,170,"Yes"
"410","21/07/2021",15.85,15.8472222222222,16.8811111111111,129.39,47.9666666666666,175,"Yes"
"411","21/07/2021",15.85,15.8472222222222,16.8833333333333,129.79,48.1,180,"Yes"
"412","21/07/2021",15.85,15.8472222222222,16.8877777777778,130.59,48.3666666666667,185,"Yes"
"413","21/07/2021",15.85,15.8472222222222,16.8891666666667,130.84,48.4500000000001,190,"Yes"
"414","21/07/2021",15.85,15.8472222222222,16.89,131.02,48.5,195,"Yes"
"415","21/07/2021",15.85,15.8472222222222,16.8908333333333,131.18,48.55,200,"Yes"
"416","21/07/2021",15.85,15.8472222222222,16.8916666666667,131.32,48.5999999999999,205,"Yes"
"417","21/07/2021",15.85,15.8472222222222,16.8922222222222,131.46,48.6333333333334,210,"Yes"
"418","21/07/2021",15.85,15.8472222222222,16.8927777777778,131.6,48.6666666666666,215,"Yes"
"419","21/07/2021",15.85,15.8472222222222,16.8936111111111,131.75,48.7166666666666,220,"Yes"
"420","21/07/2021",15.85,15.8472222222222,16.8944444444444,131.93,48.7666666666667,225,"Yes"
"421","21/07/2021",15.85,15.8472222222222,16.8955555555556,132.19,48.8333333333334,230,"Yes"
"422","21/07/2021",15.85,15.8472222222222,16.9036111111111,134.05,49.3166666666666,235,"Yes"
"423","21/07/2021",15.85,15.8472222222222,16.9058333333333,134.62,49.45,240,"Yes"
"424","21/07/2021",15.85,15.8472222222222,16.9083333333333,135.21,49.6000000000001,245,"Yes"
"425","21/07/2021",15.85,15.8472222222222,16.9208333333333,138.32,50.35,250,"Yes"
"426","21/07/2021",15.85,15.8472222222222,16.9219444444444,138.56,50.4166666666667,255,"Yes"
"427","21/07/2021",15.85,15.8472222222222,16.9227777777778,138.81,50.4666666666667,260,"Yes"
"428","21/07/2021",15.85,15.8472222222222,16.9244444444444,139.22,50.5666666666666,265,"Yes"
"429","21/07/2021",15.85,15.8472222222222,16.9361111111111,142.31,51.2666666666666,265,"No"
"430","21/07/2021",15.85,15.8472222222222,16.9375,142.67,51.35,270,"Yes"
"431","21/07/2021",15.85,15.8472222222222,16.9383333333333,142.89,51.3999999999999,275,"Yes"
"432","21/07/2021",15.85,15.8472222222222,16.9391666666667,143.11,51.4499999999999,280,"Yes"
"433","21/07/2021",15.85,15.8472222222222,16.94,143.33,51.5000000000001,285,"Yes"
"434","21/07/2021",15.85,15.8472222222222,16.9408333333333,143.63,51.55,290,"Yes"
"435","21/07/2021",15.85,15.8472222222222,16.9411111111111,143.67,51.5666666666667,290,"No"
"436","21/07/2021",15.85,15.8472222222222,16.9461111111111,145.2,51.8666666666667,289,"No"
"437","21/07/2021",15.85,15.8472222222222,16.9483333333333,145.7,52,292,"No"
"438","21/07/2021",15.85,15.8472222222222,16.9516666666667,146.68,52.2000000000001,289,"No"
"439","21/07/2021",15.85,15.8472222222222,16.9616666666667,149.57,52.7999999999999,292,"No"
"440","21/07/2021",15.85,15.8472222222222,16.9633333333333,150.14,52.9000000000001,290,"No"
"441","21/07/2021",15.85,15.8472222222222,16.9705555555556,152.27,53.3333333333334,292,"No"
"442","21/07/2021",15.85,15.8472222222222,16.9716666666667,152.59,53.4,290,"No"
"443","21/07/2021",15.85,15.8472222222222,16.9905555555556,158,54.5333333333333,285,"Yes"
"444","21/07/2021",15.85,15.8472222222222,16.9930555555556,158.76,54.6833333333334,290,"Yes"
"445","21/07/2021",15.85,15.8472222222222,16.9938888888889,159.02,54.7333333333334,292,"No"
"446","21/07/2021",15.85,15.8472222222222,16.9966666666667,159.81,54.8999999999999,289,"No"
"447","21/07/2021",15.85,15.8472222222222,17.0105555555556,163.87,55.7333333333333,290,"No"
"448","21/07/2021",15.85,15.8472222222222,17.0111111111111,163.88,55.7666666666668,290,"No"
"449","21/07/2021",15.85,15.8472222222222,17.0116666666667,164.08,55.8,289,"No"
"450","21/07/2021",15.85,15.8472222222222,17.0122222222222,164.29,55.8333333333332,287,"No"
"451","21/07/2021",15.85,15.8472222222222,17.0125,164.36,55.8499999999999,285,"Yes"
"452","21/07/2021",15.85,15.8472222222222,17.0133333333333,164.62,55.8999999999999,280,"Yes"
"453","21/07/2021",15.85,15.8472222222222,17.0141666666667,164.85,55.9500000000001,275,"Yes"
"454","21/07/2021",15.85,15.8472222222222,17.015,165.05,56,270,"Yes"
"455","21/07/2021",15.85,15.8472222222222,17.0155555555556,165.2,56.0333333333332,266,"No"
"456","21/07/2021",15.85,15.8472222222222,17.0158333333333,165.23,56.05,265,"Yes"
"457","21/07/2021",15.85,15.8472222222222,17.0163888888889,165.43,56.0833333333334,260,"Yes"
"458","21/07/2021",15.85,15.8472222222222,17.0166666666667,165.45,56.0999999999999,260,"No"
"459","21/07/2021",15.85,15.8472222222222,17.0233333333333,167.25,56.5,257,"No"
"460","21/07/2021",15.85,15.8472222222222,17.0361111111111,170.54,57.2666666666667,255,"Yes"
"461","21/07/2021",15.85,15.8472222222222,17.0416666666667,171.94,57.6000000000001,260,"Yes"
"462","21/07/2021",15.85,15.8472222222222,17.0533333333333,175.02,58.3000000000001,262,"No"
"463","21/07/2021",15.85,15.8472222222222,17.0555555555556,175.5,58.4333333333334,258,"No"
"464","21/07/2021",15.85,15.8472222222222,17.0630555555556,177.43,58.8833333333332,255,"Yes"
"465","21/07/2021",15.85,15.8472222222222,17.0683333333333,178.81,59.1999999999999,250,"Yes"
"466","21/07/2021",15.85,15.8472222222222,17.0744444444444,180.35,59.5666666666667,255,"Yes"
"467","21/07/2021",15.85,15.8472222222222,17.0788888888889,181.49,59.8333333333334,260,"Yes"
"468","21/07/2021",15.85,15.8472222222222,17.0905555555556,184.53,60.5333333333334,262,"No"
"469","21/07/2021",15.85,15.8472222222222,17.0938888888889,185.34,60.7333333333332,259,"No"
"470","21/07/2021",15.85,15.8472222222222,17.0955555555556,185.81,60.8333333333334,260,"No"
"471","21/07/2021",15.85,15.8472222222222,17.1022222222222,187.51,61.2333333333334,258,"No"
"472","21/07/2021",15.85,15.8472222222222,17.1027777777778,187.67,61.2666666666667,257,"No"
"473","21/07/2021",15.85,15.8472222222222,17.1033333333333,187.79,61.2999999999999,256,"No"
"474","21/07/2021",15.85,15.8472222222222,17.1033333333333,187.83,61.2999999999999,255,"Yes"
"475","21/07/2021",15.85,15.8472222222222,17.1052777777778,188.3,61.4166666666667,250,"Yes"
"476","21/07/2021",15.85,15.8472222222222,17.1072222222222,188.77,61.5333333333334,245,"Yes"
"477","21/07/2021",15.85,15.8472222222222,17.1077777777778,188.91,61.5666666666666,244,"No"
"478","21/07/2021",15.85,15.8472222222222,17.1083333333333,189.08,61.6,242,"No"
"479","21/07/2021",15.85,15.8472222222222,17.1091666666667,189.24,61.65,240,"Yes"
"480","21/07/2021",15.85,15.8472222222222,17.1166666666667,191.08,62.1,245,"Yes"
"481","21/07/2021",15.85,15.8472222222222,17.1177777777778,191.35,62.1666666666667,250,"Yes"
"482","21/07/2021",15.85,15.8472222222222,17.1188888888889,191.58,62.2333333333334,255,"Yes"
"483","21/07/2021",15.85,15.8472222222222,17.1205555555556,191.98,62.3333333333333,259,"No"
"484","21/07/2021",15.85,15.8472222222222,17.1238888888889,192.9,62.5333333333333,259,"No"
"485","21/07/2021",15.85,15.8472222222222,17.14,197.04,63.5,262,"No"
"486","21/07/2021",15.85,15.8472222222222,17.1405555555556,197.24,63.5333333333332,263,"No"
"487","21/07/2021",15.85,15.8472222222222,17.1411111111111,197.39,63.5666666666667,263,"No"
"488","21/07/2021",15.85,15.8472222222222,17.1416666666667,197.48,63.5999999999999,263,"No"
"489","21/07/2021",15.85,15.8472222222222,17.1422222222222,197.63,63.6333333333334,263,"No"
"490","21/07/2021",15.85,15.8472222222222,17.1452777777778,198.51,63.8166666666667,255,"Yes"
"491","21/07/2021",15.85,15.8472222222222,17.1455555555556,198.63,63.8333333333334,254,"No"
"492","21/07/2021",15.85,15.8472222222222,17.1461111111111,198.65,63.8666666666666,254,"No"
"493","21/07/2021",15.85,15.8472222222222,17.1466666666667,198.84,63.9000000000001,251,"No"
"494","21/07/2021",15.85,15.8472222222222,17.1469444444444,198.87,63.9166666666666,250,"Yes"
"495","21/07/2021",15.85,15.8472222222222,17.1472222222222,198.92,63.9333333333333,250,"No"
"496","21/07/2021",15.85,15.8472222222222,17.1475,199.09,63.95,245,"Yes"
"497","21/07/2021",15.85,15.8472222222222,17.1480555555556,199.21,63.9833333333333,240,"Yes"
"498","21/07/2021",15.85,15.8472222222222,17.1486111111111,199.33,64.0166666666667,235,"Yes"
"499","21/07/2021",15.85,15.8472222222222,17.1491666666667,199.45,64.0499999999999,230,"Yes"
"500","21/07/2021",15.85,15.8472222222222,17.1497222222222,199.58,64.0833333333334,225,"Yes"
"501","21/07/2021",15.85,15.8472222222222,17.1502777777778,199.71,64.1166666666666,220,"Yes"
"502","21/07/2021",15.85,15.8472222222222,17.1508333333333,199.84,64.1500000000001,215,"Yes"
"503","21/07/2021",15.85,15.8472222222222,17.1513888888889,199.95,64.1833333333333,210,"Yes"
"504","21/07/2021",15.85,15.8472222222222,17.1519444444444,200.06,64.2166666666667,205,"Yes"
"505","21/07/2021",15.85,15.8472222222222,17.1522222222222,200.17,64.2333333333332,200,"No"
"506","21/07/2021",15.85,15.8472222222222,17.1527777777778,200.27,64.2666666666667,195,"Yes"
"507","21/07/2021",15.85,15.8472222222222,17.1533333333333,200.38,64.2999999999999,190,"Yes"
"508","21/07/2021",15.85,15.8472222222222,17.1538888888889,200.48,64.3333333333334,185,"Yes"
"509","21/07/2021",15.85,15.8472222222222,17.1544444444444,200.58,64.3666666666666,180,"Yes"
"510","21/07/2021",15.85,15.8472222222222,17.155,200.67,64.4,175,"Yes"
"511","21/07/2021",15.85,15.8472222222222,17.1555555555556,200.77,64.4333333333333,170,"Yes"
"512","21/07/2021",15.85,15.8472222222222,17.1561111111111,200.86,64.4666666666667,165,"Yes"
"513","21/07/2021",15.85,15.8472222222222,17.1566666666667,200.94,64.5,160,"Yes"
"514","21/07/2021",15.85,15.8472222222222,17.1572222222222,201.03,64.5333333333334,155,"Yes"
"515","21/07/2021",15.85,15.8472222222222,17.1577777777778,201.09,64.5666666666666,152,"No"
"516","21/07/2021",15.85,15.8472222222222,17.1577777777778,201.13,64.5666666666666,150,"Yes"
"517","21/07/2021",15.85,15.8472222222222,17.1586111111111,201.23,64.6166666666666,145,"Yes"
"518","21/07/2021",15.85,15.8472222222222,17.1591666666667,201.33,64.65,140,"Yes"
"519","21/07/2021",15.85,15.8472222222222,17.16,201.42,64.7,135,"Yes"
"520","21/07/2021",15.85,15.8472222222222,17.1605555555556,201.51,64.7333333333332,130,"Yes"
"521","21/07/2021",15.85,15.8472222222222,17.1613888888889,201.6,64.7833333333334,125,"Yes"
"522","21/07/2021",15.85,15.8472222222222,17.1619444444444,201.68,64.8166666666666,120,"Yes"
"523","21/07/2021",15.85,15.8472222222222,17.1625,201.76,64.8500000000001,115,"Yes"
"524","21/07/2021",15.85,15.8472222222222,17.1633333333333,201.84,64.9,110,"Yes"
"525","21/07/2021",15.85,15.8472222222222,17.1638888888889,201.92,64.9333333333333,105,"No"
"526","21/07/2021",15.85,15.8472222222222,17.165,202.03,64.9999999999999,100,"Yes"
"527","21/07/2021",15.85,15.8472222222222,17.1661111111111,202.11,65.0666666666666,99,"No"
"528","21/07/2021",15.85,15.8472222222222,17.1694444444444,202.45,65.2666666666666,105,"Yes"
"529","21/07/2021",15.85,15.8472222222222,17.1713888888889,202.65,65.3833333333333,110,"Yes"
"530","21/07/2021",15.85,15.8472222222222,17.1730555555556,202.86,65.4833333333334,115,"Yes"
"531","21/07/2021",15.85,15.8472222222222,17.1744444444444,203.03,65.5666666666666,120,"Yes"
"532","21/07/2021",15.85,15.8472222222222,17.1758333333333,203.2,65.65,125,"Yes"
"533","21/07/2021",15.85,15.8472222222222,17.1772222222222,203.36,65.7333333333334,130,"Yes"
"534","21/07/2021",15.85,15.8472222222222,17.1783333333333,203.51,65.8000000000001,135,"Yes"
"535","21/07/2021",15.85,15.8472222222222,17.1794444444444,203.65,65.8666666666667,140,"Yes"
"536","21/07/2021",15.85,15.8472222222222,17.1802777777778,203.79,65.9166666666667,145,"Yes"
"537","21/07/2021",15.85,15.8472222222222,17.1813888888889,203.95,65.9833333333334,150,"Yes"
"538","21/07/2021",15.85,15.8472222222222,17.1825,204.11,66.05,155,"Yes"
"539","21/07/2021",15.85,15.8472222222222,17.1836111111111,204.29,66.1166666666667,160,"Yes"
"540","21/07/2021",15.85,15.8472222222222,17.185,204.51,66.1999999999999,165,"Yes"
"541","21/07/2021",15.85,15.8472222222222,17.1863888888889,204.73,66.2833333333333,170,"Yes"
"542","21/07/2021",15.85,15.8472222222222,17.1875,204.96,66.35,175,"Yes"
"543","21/07/2021",15.85,15.8472222222222,17.1888888888889,205.19,66.4333333333334,180,"Yes"
"544","21/07/2021",15.85,15.8472222222222,17.1902777777778,205.43,66.5166666666666,185,"Yes"
"545","21/07/2021",15.85,15.8472222222222,17.1916666666667,205.68,66.6,190,"Yes"
"546","21/07/2021",15.85,15.8472222222222,17.1938888888889,206.13,66.7333333333333,195,"Yes"
"547","21/07/2021",15.85,15.8472222222222,17.2022222222222,207.76,67.2333333333333,200,"Yes"
"548","21/07/2021",15.85,15.8472222222222,17.2080555555556,208.96,67.5833333333334,205,"Yes"
"549","21/07/2021",15.85,15.8472222222222,17.2088888888889,209.13,67.6333333333334,205,"No"
"550","21/07/2021",15.85,15.8472222222222,17.2094444444444,209.15,67.6666666666666,205,"No"
"551","21/07/2021",15.85,15.8472222222222,17.21,209.26,67.7,205,"No"
"552","21/07/2021",15.85,15.8472222222222,17.2105555555556,209.36,67.7333333333333,203,"No"
"553","21/07/2021",15.85,15.8472222222222,17.2108333333333,209.43,67.75,200,"Yes"
"554","21/07/2021",15.85,15.8472222222222,17.2113888888889,209.51,67.7833333333332,195,"Yes"
"555","21/07/2021",15.85,15.8472222222222,17.2116666666667,209.6,67.7999999999999,190,"Yes"
"556","21/07/2021",15.85,15.8472222222222,17.2122222222222,209.68,67.8333333333334,185,"Yes"
"557","21/07/2021",15.85,15.8472222222222,17.2125,209.75,67.8499999999999,180,"Yes"
"558","21/07/2021",15.85,15.8472222222222,17.2130555555556,209.83,67.8833333333333,175,"Yes"
"559","21/07/2021",15.85,15.8472222222222,17.2133333333333,209.9,67.9000000000001,170,"Yes"
"560","21/07/2021",15.85,15.8472222222222,17.2138888888889,209.98,67.9333333333333,165,"Yes"
"561","21/07/2021",15.85,15.8472222222222,17.2144444444444,210.06,67.9666666666667,160,"Yes"
"562","21/07/2021",15.85,15.8472222222222,17.215,210.14,68,155,"Yes"
"563","21/07/2021",15.85,15.8472222222222,17.215,210.16,68,154,"No"
"564","21/07/2021",15.85,15.8472222222222,17.2155555555556,210.25,68.0333333333334,150,"Yes"
"565","21/07/2021",15.85,15.8472222222222,17.2244444444444,211.62,68.5666666666666,152,"No"
"566","21/07/2021",15.85,15.8472222222222,17.235,213.23,69.1999999999999,154,"No"
"567","21/07/2021",15.85,15.8472222222222,17.2352777777778,213.25,69.2166666666667,155,"Yes"
"568","21/07/2021",15.85,15.8472222222222,17.2355555555556,213.31,69.2333333333334,155,"No"
"569","21/07/2021",15.85,15.8472222222222,17.2436111111111,214.51,69.7166666666666,150,"Yes"
"570","21/07/2021",15.85,15.8472222222222,17.2461111111111,214.88,69.8666666666667,148,"No"
"571","21/07/2021",15.85,15.8472222222222,17.2511111111111,215.66,70.1666666666667,155,"Yes"
"572","21/07/2021",15.85,15.8472222222222,17.2625,217.38,70.8499999999999,150,"Yes"
"573","21/07/2021",15.85,15.8472222222222,17.2633333333333,217.54,70.8999999999999,148,"No"
"574","21/07/2021",15.85,15.8472222222222,17.2638888888889,217.61,70.9333333333333,147,"No"
"575","21/07/2021",15.85,15.8472222222222,17.2647222222222,217.72,70.9833333333333,145,"Yes"
"576","21/07/2021",15.85,15.8472222222222,17.2705555555556,218.54,71.3333333333334,147,"No"
"577","21/07/2021",15.85,15.8472222222222,17.2738888888889,219.03,71.5333333333332,147,"No"
"578","21/07/2021",15.85,15.8472222222222,17.2955555555556,222.18,72.8333333333333,147,"No"
"579","21/07/2021",15.85,15.8472222222222,17.2994444444444,222.75,73.0666666666666,146,"No"
"580","21/07/2021",15.85,15.8472222222222,17.3105555555556,224.35,73.7333333333333,148,"No"
"581","21/07/2021",15.85,15.8472222222222,17.3177777777778,225.44,74.1666666666666,145,"No"
"582","21/07/2021",15.85,15.8472222222222,17.3311111111111,227.4,74.9666666666666,147,"No"
"583","21/07/2021",15.85,15.8472222222222,17.3361111111111,228.14,75.2666666666667,146,"No"
"584","21/07/2021",15.85,15.8472222222222,17.3477777777778,229.81,75.9666666666667,148,"No"
"585","21/07/2021",15.85,15.8472222222222,17.3583333333333,231.36,76.6,146,"No"
"586","21/07/2021",15.85,15.8472222222222,17.3627777777778,232,76.8666666666667,147,"No"
"587","21/07/2021",15.85,15.8472222222222,17.3694444444444,232.98,77.2666666666666,147,"No"
"588","21/07/2021",15.85,15.8472222222222,17.3716666666667,233.3,77.3999999999999,147,"No"
"589","21/07/2021",15.85,15.8472222222222,17.3730555555556,233.52,77.4833333333333,150,"Yes"
"590","21/07/2021",15.85,15.8472222222222,17.3738888888889,233.65,77.5333333333333,155,"Yes"
"591","21/07/2021",15.85,15.8472222222222,17.3747222222222,233.78,77.5833333333333,160,"Yes"
"592","21/07/2021",15.85,15.8472222222222,17.3755555555556,233.91,77.6333333333332,165,"Yes"
"593","21/07/2021",15.85,15.8472222222222,17.3763888888889,234.05,77.6833333333334,170,"Yes"
"594","21/07/2021",15.85,15.8472222222222,17.3772222222222,234.2,77.7333333333333,175,"Yes"
"595","21/07/2021",15.85,15.8472222222222,17.3783333333333,234.36,77.8,180,"Yes"
"596","21/07/2021",15.85,15.8472222222222,17.3794444444444,234.56,77.8666666666667,185,"Yes"
"597","21/07/2021",15.85,15.8472222222222,17.3811111111111,234.92,77.9666666666666,190,"Yes"
"598","21/07/2021",15.85,15.8472222222222,17.3858333333333,235.78,78.25,195,"Yes"
"599","21/07/2021",15.85,15.8472222222222,17.3869444444444,236.02,78.3166666666667,200,"Yes"
"600","21/07/2021",15.85,15.8472222222222,17.3880555555556,236.27,78.3833333333334,205,"Yes"
"601","21/07/2021",15.85,15.8472222222222,17.3891666666667,236.49,78.4500000000001,210,"Yes"
"602","21/07/2021",15.85,15.8472222222222,17.3902777777778,236.72,78.5166666666667,215,"Yes"
"603","21/07/2021",15.85,15.8472222222222,17.3913888888889,236.96,78.5833333333334,220,"Yes"
"604","21/07/2021",15.85,15.8472222222222,17.3927777777778,237.24,78.6666666666666,225,"Yes"
"605","21/07/2021",15.85,15.8472222222222,17.3944444444444,237.65,78.7666666666667,230,"Yes"
"606","21/07/2021",15.85,15.8472222222222,17.3963888888889,238.08,78.8833333333334,235,"Yes"
"607","21/07/2021",15.85,15.8472222222222,17.3977777777778,238.45,78.9666666666665,240,"Yes"
"608","21/07/2021",15.85,15.8472222222222,17.3991666666667,238.75,79.0499999999999,245,"Yes"
"609","21/07/2021",15.85,15.8472222222222,17.4002777777778,239.05,79.1166666666666,250,"Yes"
"610","21/07/2021",15.85,15.8472222222222,17.4016666666667,239.37,79.2,255,"Yes"
"611","21/07/2021",15.85,15.8472222222222,17.4027777777778,239.7,79.2666666666667,260,"Yes"
"612","21/07/2021",15.85,15.8472222222222,17.4041666666667,240.05,79.3499999999999,265,"Yes"
"613","21/07/2021",15.85,15.8472222222222,17.4055555555556,240.4,79.4333333333333,270,"Yes"
"614","21/07/2021",15.85,15.8472222222222,17.4069444444444,240.78,79.5166666666667,275,"Yes"
"615","21/07/2021",15.85,15.8472222222222,17.4083333333333,241.16,79.6000000000001,280,"Yes"
"616","21/07/2021",15.85,15.8472222222222,17.4097222222222,241.55,79.6833333333333,285,"Yes"
"617","21/07/2021",15.85,15.8472222222222,17.4108333333333,241.88,79.7499999999999,290,"Yes"
"618","21/07/2021",15.85,15.8472222222222,17.4116666666667,242.14,79.7999999999999,292,"No"
"619","21/07/2021",15.85,15.8472222222222,17.4125,242.36,79.8500000000001,295,"Yes"
"620","21/07/2021",15.85,15.8472222222222,17.4155555555556,243.25,80.0333333333334,292,"No"
"621","21/07/2021",15.85,15.8472222222222,17.4216666666667,245.11,80.4,290,"Yes"
"622","21/07/2021",15.85,15.8472222222222,17.4244444444444,245.93,80.5666666666666,285,"Yes"
"623","21/07/2021",15.85,15.8472222222222,17.4291666666667,247.29,80.85,290,"Yes"
"624","21/07/2021",15.85,15.8472222222222,17.4380555555556,249.88,81.3833333333332,295,"Yes"
"625","21/07/2021",15.85,15.8472222222222,17.4383333333333,250.01,81.3999999999999,295,"No"
"626","21/07/2021",15.85,15.8472222222222,17.4388888888889,250.03,81.4333333333334,295,"No"
"627","21/07/2021",15.85,15.8472222222222,17.4394444444444,250.2,81.4666666666666,297,"No"
"628","21/07/2021",15.85,15.8472222222222,17.44,250.34,81.5000000000001,297,"No"
"629","21/07/2021",15.85,15.8472222222222,17.4422222222222,251.13,81.6333333333334,291,"No"
"630","21/07/2021",15.85,15.8472222222222,17.4425,251.22,81.6499999999999,290,"Yes"
"631","21/07/2021",15.85,15.8472222222222,17.4438888888889,251.61,81.7333333333333,286,"No"
"632","21/07/2021",15.85,15.8472222222222,17.445,251.85,81.8,281,"No"
"633","21/07/2021",15.85,15.8472222222222,17.4452777777778,251.88,81.8166666666667,280,"Yes"
"634","21/07/2021",15.85,15.8472222222222,17.4461111111111,252.15,81.8666666666667,275,"Yes"
"635","21/07/2021",15.85,15.8472222222222,17.4513888888889,253.6,82.1833333333333,280,"Yes"
"636","21/07/2021",15.85,15.8472222222222,17.4525,253.93,82.25,285,"Yes"
"637","21/07/2021",15.85,15.8472222222222,17.4538888888889,254.34,82.3333333333334,290,"Yes"
"638","21/07/2021",15.85,15.8472222222222,17.4630555555556,256.95,82.8833333333333,295,"Yes"
"639","21/07/2021",15.85,15.8472222222222,17.4633333333333,257.04,82.9000000000001,295,"No"
"640","21/07/2021",15.85,15.8472222222222,17.4677777777778,258.4,83.1666666666666,292,"No"
"641","21/07/2021",15.85,15.8472222222222,17.4688888888889,258.7,83.2333333333332,290,"Yes"
"642","21/07/2021",15.85,15.8472222222222,17.4758333333333,260.79,83.65,295,"Yes"
"643","21/07/2021",15.85,15.8472222222222,17.4766666666667,260.99,83.7,296,"No"
"644","21/07/2021",15.85,15.8472222222222,17.4805555555556,262.09,83.9333333333332,291,"No"
"645","21/07/2021",15.85,15.8472222222222,17.4805555555556,262.14,83.9333333333332,290,"Yes"
"646","21/07/2021",15.85,15.8472222222222,17.4855555555556,263.57,84.2333333333334,295,"Yes"
"647","21/07/2021",15.85,15.8472222222222,17.4855555555556,263.62,84.2333333333334,295,"No"
"648","21/07/2021",15.85,15.8472222222222,17.4877777777778,264.26,84.3666666666667,292,"No"
"649","21/07/2021",15.85,15.8472222222222,17.4886111111111,264.49,84.4166666666667,290,"Yes"
"650","21/07/2021",15.85,15.8472222222222,17.4911111111111,265.21,84.5666666666666,295,"Yes"
"651","21/07/2021",15.85,15.8472222222222,17.4916666666667,265.34,84.6,295,"No"
"652","21/07/2021",15.85,15.8472222222222,17.4938888888889,266.08,84.7333333333334,292,"No"
"653","21/07/2021",15.85,15.8472222222222,17.4941666666667,266.2,84.7500000000001,290,"Yes"
"654","21/07/2021",15.85,15.8472222222222,17.5080555555556,270.19,85.5833333333332,295,"Yes"
"655","21/07/2021",15.85,15.8472222222222,17.5088888888889,270.47,85.6333333333334,296,"No"
"656","21/07/2021",15.85,15.8472222222222,17.5111111111111,271.14,85.7666666666668,291,"No"
"657","21/07/2021",15.85,15.8472222222222,17.5113888888889,271.22,85.7833333333333,290,"Yes"
"658","21/07/2021",15.85,15.8472222222222,17.515,272.25,86,295,"Yes"
"659","21/07/2021",15.85,15.8472222222222,17.5155555555556,272.38,86.0333333333332,295,"No"
"660","21/07/2021",15.85,15.8472222222222,17.5183333333333,273.14,86.2,292,"No"
"661","21/07/2021",15.85,15.8472222222222,17.5188888888889,273.34,86.2333333333333,290,"Yes"
"662","21/07/2021",15.85,15.8472222222222,17.5344444444444,277.84,87.1666666666665,295,"Yes"
"663","21/07/2021",15.85,15.8472222222222,17.5344444444444,277.88,87.1666666666665,295,"No"
"664","21/07/2021",15.85,15.8472222222222,17.5361111111111,278.35,87.2666666666667,293,"No"
"665","21/07/2021",15.85,15.8472222222222,17.5566666666667,284.35,88.5000000000001,296,"No"
"666","21/07/2021",15.85,15.8472222222222,17.5572222222222,284.53,88.5333333333333,296,"No"
"667","21/07/2021",15.85,15.8472222222222,17.5588888888889,285.09,88.6333333333332,290,"Yes"
"668","21/07/2021",15.85,15.8472222222222,17.5602777777778,285.47,88.7166666666666,285,"Yes"
"669","21/07/2021",15.85,15.8472222222222,17.5611111111111,285.74,88.7666666666666,280,"Yes"
"670","21/07/2021",15.85,15.8472222222222,17.5622222222222,286.09,88.8333333333333,275,"No"
"671","21/07/2021",15.85,15.8472222222222,17.5627777777778,286.22,88.8666666666667,274,"No"
"672","21/07/2021",15.85,15.8472222222222,17.5644444444444,286.61,88.9666666666666,273,"No"
"673","21/07/2021",15.85,15.8472222222222,17.5655555555556,286.9,89.0333333333333,270,"Yes"
"674","21/07/2021",15.85,15.8472222222222,17.5719444444444,288.68,89.4166666666666,275,"Yes"
"675","21/07/2021",15.85,15.8472222222222,17.5788888888889,290.55,89.8333333333334,280,"Yes"
"676","21/07/2021",15.85,15.8472222222222,17.58,290.88,89.8999999999999,285,"Yes"
"677","21/07/2021",15.85,15.8472222222222,17.5869444444444,292.85,90.3166666666667,280,"Yes"
"678","21/07/2021",15.85,15.8472222222222,17.5891666666667,293.49,90.45,275,"Yes"
"679","21/07/2021",15.85,15.8472222222222,17.5919444444444,294.27,90.6166666666666,270,"Yes"
"680","21/07/2021",15.85,15.8472222222222,17.6005555555556,296.59,91.1333333333333,275,"Yes"
"681","21/07/2021",15.85,15.8472222222222,17.6016666666667,296.89,91.2,280,"Yes"
"682","21/07/2021",15.85,15.8472222222222,17.6025,297.15,91.2499999999999,285,"Yes"
"683","21/07/2021",15.85,15.8472222222222,17.6036111111111,297.44,91.3166666666666,290,"Yes"
"684","21/07/2021",15.85,15.8472222222222,17.6055555555556,298.02,91.4333333333332,293,"No"
"685","21/07/2021",15.85,15.8472222222222,17.6072222222222,298.41,91.5333333333334,293,"No"
"686","21/07/2021",15.85,15.8472222222222,17.6119444444444,299.8,91.8166666666666,295,"Yes"
"687","21/07/2021",15.85,15.8472222222222,17.6122222222222,299.95,91.8333333333333,295,"No"
"688","21/07/2021",15.85,15.8472222222222,17.6138888888889,300.41,91.9333333333332,292,"No"
"689","21/07/2021",15.85,15.8472222222222,17.6144444444444,300.52,91.9666666666667,290,"Yes"
"690","21/07/2021",15.85,15.8472222222222,17.6238888888889,303.26,92.5333333333333,292,"No"
"691","21/07/2021",15.85,15.8472222222222,17.6244444444444,303.41,92.5666666666667,293,"No"
"692","21/07/2021",15.85,15.8472222222222,17.6255555555556,303.72,92.6333333333332,291,"No"
"693","21/07/2021",15.85,15.8472222222222,17.6269444444444,304.19,92.7166666666666,285,"Yes"
"694","21/07/2021",15.85,15.8472222222222,17.6291666666667,304.76,92.85,280,"Yes"
"695","21/07/2021",15.85,15.8472222222222,17.6305555555556,305.19,92.9333333333334,275,"Yes"
"696","21/07/2021",15.85,15.8472222222222,17.6319444444444,305.54,93.0166666666666,270,"Yes"
"697","21/07/2021",15.85,15.8472222222222,17.6322222222222,305.67,93.0333333333333,269,"No"
"698","21/07/2021",15.85,15.8472222222222,17.6330555555556,305.89,93.0833333333332,265,"Yes"
"699","21/07/2021",15.85,15.8472222222222,17.6391666666667,307.51,93.4500000000001,260,"Yes"
"700","21/07/2021",15.85,15.8472222222222,17.6405555555556,307.87,93.5333333333332,258,"No"
"701","21/07/2021",15.85,15.8472222222222,17.6411111111111,308.02,93.5666666666667,256,"No"
"702","21/07/2021",15.85,15.8472222222222,17.6419444444444,308.18,93.6166666666666,255,"Yes"
"703","21/07/2021",15.85,15.8472222222222,17.6455555555556,309.13,93.8333333333334,250,"Yes"
"704","21/07/2021",15.85,15.8472222222222,17.6494444444444,310.07,94.0666666666667,254,"No"
"705","21/07/2021",15.85,15.8472222222222,17.6497222222222,310.15,94.0833333333334,255,"Yes"
"706","21/07/2021",15.85,15.8472222222222,17.6511111111111,310.55,94.1666666666666,260,"Yes"
"707","21/07/2021",15.85,15.8472222222222,17.6527777777778,310.98,94.2666666666667,265,"Yes"
"708","21/07/2021",15.85,15.8472222222222,17.6533333333333,311.12,94.2999999999999,266,"No"
"709","21/07/2021",15.85,15.8472222222222,17.6544444444444,311.4,94.3666666666666,270,"Yes"
"710","21/07/2021",15.85,15.8472222222222,17.6555555555556,311.69,94.4333333333333,275,"Yes"
"711","21/07/2021",15.85,15.8472222222222,17.6563888888889,311.92,94.4833333333332,280,"Yes"
"712","21/07/2021",15.85,15.8472222222222,17.6572222222222,312.14,94.5333333333334,285,"Yes"
"713","21/07/2021",15.85,15.8472222222222,17.6580555555556,312.38,94.5833333333334,290,"Yes"
"714","21/07/2021",15.85,15.8472222222222,17.6588888888889,312.62,94.6333333333333,292,"No"
"715","21/07/2021",15.85,15.8472222222222,17.6597222222222,312.85,94.6833333333333,295,"Yes"
"716","21/07/2021",15.85,15.8472222222222,17.6622222222222,313.65,94.8333333333333,292,"No"
"717","21/07/2021",15.85,15.8472222222222,17.6630555555556,313.82,94.8833333333333,290,"Yes"
"718","21/07/2021",15.85,15.8472222222222,17.6802777777778,318.91,95.9166666666667,295,"Yes"
"719","21/07/2021",15.85,15.8472222222222,17.6816666666667,319.26,96.0000000000001,296,"No"
"720","21/07/2021",15.85,15.8472222222222,17.685,320.3,96.1999999999999,291,"No"
"721","21/07/2021",15.85,15.8472222222222,17.6852777777778,320.36,96.2166666666666,290,"Yes"
"722","21/07/2021",15.85,15.8472222222222,17.6963888888889,323.57,96.8833333333334,295,"Yes"
"723","21/07/2021",15.85,15.8472222222222,17.6983333333333,324.14,97,295,"No"
"724","21/07/2021",15.85,15.8472222222222,17.7,324.66,97.0999999999999,292,"No"
"725","21/07/2021",15.85,15.8472222222222,17.7008333333333,324.91,97.1499999999999,290,"Yes"
"726","21/07/2021",15.85,15.8472222222222,17.7122222222222,328.22,97.8333333333334,295,"Yes"
"727","21/07/2021",15.85,15.8472222222222,17.7133333333333,328.55,97.9000000000001,297,"No"
"728","21/07/2021",15.85,15.8472222222222,17.7161111111111,329.33,98.0666666666666,290,"Yes"
"729","21/07/2021",15.85,15.8472222222222,17.7161111111111,329.34,98.0666666666666,290,"No"
"730","21/07/2021",15.85,15.8472222222222,17.7166666666667,329.62,98.0999999999999,288,"No"
"731","21/07/2021",15.85,15.8472222222222,17.7172222222222,329.68,98.1333333333333,287,"No"
"732","21/07/2021",15.85,15.8472222222222,17.7177777777778,329.88,98.1666666666666,285,"Yes"
"733","21/07/2021",15.85,15.8472222222222,17.72,330.5,98.2999999999999,280,"Yes"
"734","21/07/2021",15.85,15.8472222222222,17.7216666666667,330.98,98.4,277,"No"
"735","21/07/2021",15.85,15.8472222222222,17.7222222222222,331.11,98.4333333333333,275,"Yes"
"736","21/07/2021",15.85,15.8472222222222,17.7222222222222,331.15,98.4333333333333,275,"No"
"737","21/07/2021",15.85,15.8472222222222,17.7280555555556,332.79,98.7833333333334,280,"Yes"
"738","21/07/2021",15.85,15.8472222222222,17.73,333.3,98.9,285,"Yes"
"739","21/07/2021",15.85,15.8472222222222,17.7311111111111,333.66,98.9666666666667,290,"Yes"
"740","21/07/2021",15.85,15.8472222222222,17.7469444444444,338.27,99.9166666666667,295,"Yes"
"741","21/07/2021",15.85,15.8472222222222,17.7477777777778,338.5,99.9666666666666,296,"No"
"742","21/07/2021",15.85,15.8472222222222,17.75,339.18,100.1,290,"No"
"743","21/07/2021",15.85,15.8472222222222,17.7663888888889,343.95,101.083333333333,295,"Yes"
"744","21/07/2021",15.85,15.8472222222222,17.7672222222222,344.17,101.133333333333,296,"No"
"745","21/07/2021",15.85,15.8472222222222,17.7716666666667,345.42,101.4,291,"No"
"746","21/07/2021",15.85,15.8472222222222,17.7722222222222,345.58,101.433333333333,290,"Yes"
"747","21/07/2021",15.85,15.8472222222222,17.7755555555556,346.55,101.633333333333,295,"Yes"
"748","21/07/2021",15.85,15.8472222222222,17.7761111111111,346.65,101.666666666667,295,"No"
"749","21/07/2021",15.85,15.8472222222222,17.7794444444444,347.74,101.866666666667,293,"No"
"750","21/07/2021",15.85,15.8472222222222,17.8102777777778,356.72,103.716666666667,290,"Yes"
"751","21/07/2021",15.85,15.8472222222222,17.8127777777778,357.38,103.866666666667,285,"Yes"
"752","21/07/2021",15.85,15.8472222222222,17.8211111111111,359.78,104.366666666667,290,"Yes"
"753","21/07/2021",15.85,15.8472222222222,17.8344444444444,363.73,105.166666666667,295,"Yes"
"754","21/07/2021",15.85,15.8472222222222,17.8355555555556,363.99,105.233333333333,296,"No"
"755","21/07/2021",15.85,15.8472222222222,17.8377777777778,364.66,105.366666666667,290,"Yes"
"756","21/07/2021",15.85,15.8472222222222,17.8377777777778,364.68,105.366666666667,290,"No"
"757","21/07/2021",15.85,15.8472222222222,17.8544444444444,369.55,106.366666666667,294,"No"
"758","21/07/2021",15.85,15.8472222222222,17.855,369.66,106.4,294,"No"
"759","21/07/2021",15.85,15.8472222222222,17.8605555555556,371.32,106.733333333333,289,"No"
"760","21/07/2021",15.85,15.8472222222222,17.8611111111111,371.5,106.766666666667,289,"No"
"761","21/07/2021",15.85,15.8472222222222,17.8761111111111,375.83,107.666666666667,294,"No"
"762","21/07/2021",15.85,15.8472222222222,17.8766666666667,375.94,107.7,294,"No"
"763","21/07/2021",15.85,15.8472222222222,17.8777777777778,376.27,107.766666666667,292,"No"
"764","21/07/2021",15.85,15.8472222222222,17.8794444444444,376.77,107.866666666667,285,"Yes"
"765","21/07/2021",15.85,15.8472222222222,17.8805555555556,377.14,107.933333333333,280,"Yes"
"766","21/07/2021",15.85,15.8472222222222,17.8822222222222,377.54,108.033333333333,275,"Yes"
"767","21/07/2021",15.85,15.8472222222222,17.8833333333333,377.88,108.1,270,"Yes"
"768","21/07/2021",15.85,15.8472222222222,17.8838888888889,378.06,108.133333333333,268,"No"
"769","21/07/2021",15.85,15.8472222222222,17.8847222222222,378.25,108.183333333333,265,"Yes"
"770","21/07/2021",15.85,15.8472222222222,17.885,378.27,108.2,265,"No"
"771","21/07/2021",15.85,15.8472222222222,17.8866666666667,378.74,108.3,260,"Yes"
"772","21/07/2021",15.85,15.8472222222222,17.8883333333333,379.14,108.4,257,"No"
"773","21/07/2021",15.85,15.8472222222222,17.8894444444444,379.45,108.466666666667,255,"Yes"
"774","21/07/2021",15.85,15.8472222222222,17.8927777777778,380.35,108.666666666667,258,"No"
"775","21/07/2021",15.85,15.8472222222222,17.8944444444444,380.75,108.766666666667,258,"No"
"776","21/07/2021",15.85,15.8472222222222,17.8955555555556,381.04,108.833333333333,257,"No"
"777","21/07/2021",15.85,15.8472222222222,17.9016666666667,382.63,109.2,257,"No"
"778","21/07/2021",15.85,15.8472222222222,17.9022222222222,382.78,109.233333333333,257,"No"
"779","21/07/2021",15.85,15.8472222222222,17.9052777777778,383.51,109.416666666667,250,"Yes"
"780","21/07/2021",15.85,15.8472222222222,17.9097222222222,384.6,109.683333333333,245,"Yes"
"781","21/07/2021",15.85,15.8472222222222,17.9105555555556,384.79,109.733333333333,244,"No"
"782","21/07/2021",15.85,15.8472222222222,17.9152777777778,385.92,110.016666666667,240,"Yes"
"783","21/07/2021",15.85,15.8472222222222,17.9172222222222,386.4,110.133333333333,238,"No"
"784","21/07/2021",15.85,15.8472222222222,17.9177777777778,386.57,110.166666666667,238,"No"
"785","21/07/2021",15.85,15.8472222222222,17.9227777777778,387.79,110.466666666667,245,"Yes"
"786","21/07/2021",15.85,15.8472222222222,17.9247222222222,388.23,110.583333333333,250,"Yes"
"787","21/07/2021",15.85,15.8472222222222,17.9283333333333,389.16,110.8,255,"Yes"
"788","21/07/2021",15.85,15.8472222222222,17.9361111111111,391.14,111.266666666667,259,"No"
"789","21/07/2021",15.85,15.8472222222222,17.9363888888889,391.21,111.283333333333,260,"Yes"
"790","21/07/2021",15.85,15.8472222222222,17.9383333333333,391.71,111.4,255,"Yes"
"791","21/07/2021",15.85,15.8472222222222,17.9383333333333,391.75,111.4,255,"No"
"792","21/07/2021",15.85,15.8472222222222,17.9672222222222,399.09,113.133333333333,259,"No"
"793","21/07/2021",15.85,15.8472222222222,17.9688888888889,399.6,113.233333333333,256,"No"
"794","21/07/2021",15.85,15.8472222222222,17.9691666666667,399.63,113.25,255,"Yes"
"795","21/07/2021",15.85,15.8472222222222,17.9755555555556,401.26,113.633333333333,257,"No"
"796","21/07/2021",15.85,15.8472222222222,17.9761111111111,401.4,113.666666666667,257,"No"
"797","21/07/2021",15.85,15.8472222222222,17.9766666666667,401.59,113.7,255,"No"
"798","21/07/2021",15.85,15.8472222222222,17.9772222222222,401.65,113.733333333333,255,"No"
"799","21/07/2021",15.85,15.8472222222222,17.9780555555556,401.88,113.783333333333,250,"Yes"
"800","21/07/2021",15.85,15.8472222222222,17.9794444444444,402.2,113.866666666667,245,"Yes"
"801","21/07/2021",15.85,15.8472222222222,17.9805555555556,402.52,113.933333333333,240,"Yes"
"802","21/07/2021",15.85,15.8472222222222,17.9819444444444,402.83,114.016666666667,235,"Yes"
"803","21/07/2021",15.85,15.8472222222222,17.9830555555556,403.11,114.083333333333,230,"Yes"
"804","21/07/2021",15.85,15.8472222222222,17.9838888888889,403.3,114.133333333333,227,"No"
"805","21/07/2021",15.85,15.8472222222222,17.9844444444444,403.39,114.166666666667,225,"Yes"
"806","21/07/2021",15.85,15.8472222222222,17.9858333333333,403.7,114.25,220,"Yes"
"807","21/07/2021",15.85,15.8472222222222,17.9872222222222,404.01,114.333333333333,215,"Yes"
"808","21/07/2021",15.85,15.8472222222222,17.9886111111111,404.3,114.416666666667,210,"Yes"
"809","21/07/2021",15.85,15.8472222222222,17.9897222222222,404.54,114.483333333333,205,"Yes"
"810","21/07/2021",15.85,15.8472222222222,17.9908333333333,404.77,114.55,200,"Yes"
"811","21/07/2021",15.85,15.8472222222222,17.9919444444444,405.01,114.616666666667,195,"Yes"
"812","21/07/2021",15.85,15.8472222222222,17.9930555555556,405.23,114.683333333333,190,"Yes"
"813","21/07/2021",15.85,15.8472222222222,17.9944444444444,405.45,114.766666666667,185,"Yes"
"814","21/07/2021",15.85,15.8472222222222,17.9944444444444,405.46,114.766666666667,185,"No"
"815","21/07/2021",15.85,15.8472222222222,17.9955555555556,405.67,114.833333333333,180,"Yes"
"816","21/07/2021",15.85,15.8472222222222,17.9969444444444,405.88,114.916666666667,175,"Yes"
"817","21/07/2021",15.85,15.8472222222222,17.9980555555556,406.09,114.983333333333,170,"Yes"
"818","21/07/2021",15.85,15.8472222222222,17.9991666666667,406.27,115.05,165,"Yes"
"819","21/07/2021",15.85,15.8472222222222,18,406.42,115.1,160,"Yes"
"820","21/07/2021",15.85,15.8472222222222,18.0008333333333,406.54,115.15,155,"Yes"
"821","21/07/2021",15.85,15.8472222222222,18.0016666666667,406.66,115.2,150,"Yes"
"822","21/07/2021",15.85,15.8472222222222,18.0025,406.78,115.25,145,"Yes"
"823","21/07/2021",15.85,15.8472222222222,18.0027777777778,406.83,115.266666666667,143,"No"
"824","21/07/2021",15.85,15.8472222222222,18.0036111111111,406.97,115.316666666667,140,"Yes"
"825","21/07/2021",15.85,15.8472222222222,18.0061111111111,407.33,115.466666666667,138,"No"
"826","21/07/2021",15.85,15.8472222222222,18.0066666666667,407.37,115.5,138,"No"
"827","21/07/2021",15.85,15.8472222222222,18.0069444444444,407.45,115.516666666667,135,"Yes"
"828","21/07/2021",15.85,15.8472222222222,18.0077777777778,407.55,115.566666666667,130,"Yes"
"829","21/07/2021",15.85,15.8472222222222,18.0083333333333,407.65,115.6,125,"No"
"830","21/07/2021",15.85,15.8472222222222,18.0088888888889,407.67,115.633333333333,125,"No"
"831","21/07/2021",15.85,15.8472222222222,18.0161111111111,408.61,116.066666666667,124,"No"
"832","21/07/2021",15.85,15.8472222222222,18.0211111111111,409.25,116.366666666667,130,"Yes"
"833","21/07/2021",15.85,15.8472222222222,18.0216666666667,409.3,116.4,130,"No"
"834","21/07/2021",15.85,15.8472222222222,18.0227777777778,409.47,116.466666666667,132,"No"
"835","21/07/2021",15.85,15.8472222222222,18.0247222222222,409.72,116.583333333333,135,"Yes"
"836","21/07/2021",15.85,15.8472222222222,18.0266666666667,409.98,116.7,139,"No"
"837","21/07/2021",15.85,15.8472222222222,18.0269444444444,410,116.716666666667,140,"Yes"
"838","21/07/2021",15.85,15.8472222222222,18.0272222222222,410.02,116.733333333333,140,"No"
"839","21/07/2021",15.85,15.8472222222222,18.0277777777778,410.13,116.766666666667,141,"No"
"840","21/07/2021",15.85,15.8472222222222,18.0319444444444,410.72,117.016666666667,135,"Yes"
"841","21/07/2021",15.85,15.8472222222222,18.0330555555556,410.87,117.083333333333,130,"Yes"
"842","21/07/2021",15.85,15.8472222222222,18.0338888888889,410.98,117.133333333333,125,"Yes"
"843","21/07/2021",15.85,15.8472222222222,18.0347222222222,411.08,117.183333333333,120,"Yes"
"844","21/07/2021",15.85,15.8472222222222,18.035,411.11,117.2,119,"No"
"845","21/07/2021",15.85,15.8472222222222,18.0369444444444,411.33,117.316666666667,115,"Yes"
"846","21/07/2021",15.85,15.8472222222222,18.0377777777778,411.41,117.366666666667,114,"No"
"847","21/07/2021",15.85,15.8472222222222,18.0391666666667,411.58,117.45,110,"Yes"
"848","21/07/2021",15.85,15.8472222222222,18.04,411.66,117.5,108,"No"
"849","21/07/2021",15.85,15.8472222222222,18.0408333333333,411.75,117.55,105,"Yes"
"850","21/07/2021",15.85,15.8472222222222,18.0461111111111,412.33,117.866666666667,110,"Yes"
"851","21/07/2021",15.85,15.8472222222222,18.0466666666667,412.4,117.9,111,"No"
"852","21/07/2021",15.85,15.8472222222222,18.0511111111111,412.88,118.166666666667,108,"No"
"853","21/07/2021",15.85,15.8472222222222,18.055,413.27,118.4,110,"No"
"854","21/07/2021",15.85,15.8472222222222,18.0591666666667,413.74,118.65,115,"Yes"
"855","21/07/2021",15.85,15.8472222222222,18.0616666666667,414.06,118.8,118,"No"
"856","21/07/2021",15.85,15.8472222222222,18.0683333333333,414.82,119.2,115,"No"
"857","21/07/2021",15.85,15.8472222222222,18.0708333333333,415.11,119.35,120,"Yes"
"858","21/07/2021",15.85,15.8472222222222,18.0711111111111,415.15,119.366666666667,121,"No"
"859","21/07/2021",15.85,15.8472222222222,18.0716666666667,415.19,119.4,122,"No"
"860","21/07/2021",15.85,15.8472222222222,18.0725,415.29,119.45,125,"Yes"
"861","21/07/2021",15.85,15.8472222222222,18.0727777777778,415.32,119.466666666667,125,"No"
"862","21/07/2021",15.85,15.8472222222222,18.0733333333333,415.42,119.5,128,"No"
"863","21/07/2021",15.85,15.8472222222222,18.0788888888889,416.13,119.833333333333,130,"Yes"
"864","21/07/2021",15.85,15.8472222222222,18.08,416.28,119.9,129,"No"
"865","21/07/2021",15.85,15.8472222222222,18.0819444444444,416.55,120.016666666667,125,"Yes"
"866","21/07/2021",15.85,15.8472222222222,18.0822222222222,416.58,120.033333333333,125,"No"
"867","21/07/2021",15.85,15.8472222222222,18.0905555555556,417.6,120.533333333333,121,"No"
"868","21/07/2021",15.85,15.8472222222222,18.0908333333333,417.64,120.55,120,"Yes"
"869","21/07/2021",15.85,15.8472222222222,18.0911111111111,417.65,120.566666666667,120,"No"
"870","21/07/2021",15.85,15.8472222222222,18.0925,417.82,120.65,115,"Yes"
"871","21/07/2021",15.85,15.8472222222222,18.0938888888889,417.97,120.733333333333,111,"No"
"872","21/07/2021",15.85,15.8472222222222,18.0941666666667,418.01,120.75,110,"Yes"
"873","21/07/2021",15.85,15.8472222222222,18.0944444444444,418.05,120.766666666667,110,"No"
"874","21/07/2021",15.85,15.8472222222222,18.095,418.08,120.8,109,"No"
"875","21/07/2021",15.85,15.8472222222222,18.0977777777778,418.39,120.966666666667,115,"Yes"
"876","21/07/2021",15.85,15.8472222222222,18.0988888888889,418.54,121.033333333333,120,"Yes"
"877","21/07/2021",15.85,15.8472222222222,18.0994444444444,418.6,121.066666666667,121,"No"
"878","21/07/2021",15.85,15.8472222222222,18.1011111111111,418.82,121.166666666667,125,"Yes"
"879","21/07/2021",15.85,15.8472222222222,18.1077777777778,419.67,121.566666666667,130,"Yes"
"880","21/07/2021",15.85,15.8472222222222,18.115,420.63,122,131,"No"
"881","21/07/2021",15.85,15.8472222222222,18.1161111111111,420.73,122.066666666667,132,"No"
"882","21/07/2021",15.85,15.8472222222222,18.1188888888889,421.14,122.233333333333,131,"No"
"883","21/07/2021",15.85,15.8472222222222,18.1194444444444,421.22,122.266666666667,130,"No"
"884","21/07/2021",15.85,15.8472222222222,18.1222222222222,421.57,122.433333333333,131,"No"
"885","21/07/2021",15.85,15.8472222222222,18.1227777777778,421.64,122.466666666667,131,"No"
"886","21/07/2021",15.85,15.8472222222222,18.1272222222222,422.2,122.733333333333,130,"No"
"887","21/07/2021",15.85,15.8472222222222,18.1327777777778,422.91,123.066666666667,131,"No"
"888","21/07/2021",15.85,15.8472222222222,18.1372222222222,423.54,123.333333333333,132,"No"
"889","21/07/2021",15.85,15.8472222222222,18.1377777777778,423.58,123.366666666667,132,"No"
"890","21/07/2021",15.85,15.8472222222222,18.1438888888889,424.38,123.733333333333,129,"No"
"891","21/07/2021",15.85,15.8472222222222,18.1444444444444,424.44,123.766666666667,128,"No"
"892","21/07/2021",15.85,15.8472222222222,18.1447222222222,424.5,123.783333333333,125,"Yes"
"893","21/07/2021",15.85,15.8472222222222,18.1455555555556,424.6,123.833333333333,120,"Yes"
"894","21/07/2021",15.85,15.8472222222222,18.1463888888889,424.7,123.883333333333,115,"Yes"
"895","21/07/2021",15.85,15.8472222222222,18.1475,424.81,123.95,110,"Yes"
"896","21/07/2021",15.85,15.8472222222222,18.1486111111111,424.94,124.016666666667,105,"Yes"
"897","21/07/2021",15.85,15.8472222222222,18.1488888888889,424.99,124.033333333333,104,"No"
"898","21/07/2021",15.85,15.8472222222222,18.1494444444444,425.02,124.066666666667,103,"No"
"899","21/07/2021",15.85,15.8472222222222,18.1505555555556,425.16,124.133333333333,101,"No"
"900","21/07/2021",15.85,15.8472222222222,18.1525,425.33,124.25,100,"Yes"
"901","21/07/2021",15.85,15.8472222222222,18.1586111111111,425.93,124.616666666667,95,"Yes"
"902","21/07/2021",15.85,15.8472222222222,18.1594444444444,425.99,124.666666666667,95,"No"
"903","21/07/2021",15.85,15.8472222222222,18.1622222222222,426.31,124.833333333333,94,"No"
"904","21/07/2021",15.85,15.8472222222222,18.1694444444444,426.94,125.266666666667,93,"No"
"905","21/07/2021",15.85,15.8472222222222,18.17,427.02,125.3,93,"No"
"906","21/07/2021",15.85,15.8472222222222,18.1705555555556,427.05,125.333333333333,92,"No"
"907","21/07/2021",15.85,15.8472222222222,18.1708333333333,427.08,125.35,90,"Yes"
"908","21/07/2021",15.85,15.8472222222222,18.1733333333333,427.29,125.5,86,"No"
"909","21/07/2021",15.85,15.8472222222222,18.1766666666667,427.59,125.7,85,"No"
"910","21/07/2021",15.85,15.8472222222222,18.1844444444444,428.25,126.166666666667,83,"No"
"911","21/07/2021",15.85,15.8472222222222,18.1883333333333,428.59,126.4,82,"No"
"912","21/07/2021",15.85,15.8472222222222,18.1888888888889,428.6,126.433333333333,81,"No"
"913","21/07/2021",15.85,15.8472222222222,18.1891666666667,428.64,126.45,80,"Yes"
"914","21/07/2021",15.85,15.8472222222222,18.1894444444444,428.66,126.466666666667,78,"No"
"915","21/07/2021",15.85,15.8472222222222,18.1897222222222,428.68,126.483333333333,75,"Yes"
"916","21/07/2021",15.85,15.8472222222222,18.1902777777778,428.71,126.516666666667,70,"Yes"
"917","21/07/2021",15.85,15.8472222222222,18.1905555555556,428.74,126.533333333333,65,"Yes"
"918","21/07/2021",15.85,15.8472222222222,18.1908333333333,428.76,126.55,60,"Yes"
"919","21/07/2021",15.85,15.8472222222222,18.1911111111111,428.77,126.566666666667,59,"No"
"920","21/07/2021",15.85,15.8472222222222,18.1913888888889,428.79,126.583333333333,55,"Yes"
"921","21/07/2021",15.85,15.8472222222222,18.1916666666667,428.8,126.6,55,"No"
"922","21/07/2021",15.85,15.8472222222222,18.195,428.97,126.8,50,"Yes"
"923","21/07/2021",15.85,15.8472222222222,18.2011111111111,429.27,127.166666666667,49,"No"
"924","21/07/2021",15.85,15.8472222222222,18.2041666666667,429.42,127.35,45,"Yes"
"925","21/07/2021",15.85,15.8472222222222,18.2061111111111,429.51,127.466666666667,44,"No"
"926","21/07/2021",15.85,15.8472222222222,18.2066666666667,429.53,127.5,43,"No"
"927","21/07/2021",15.85,15.8472222222222,18.2066666666667,429.54,127.5,42,"Yes"
"928","21/07/2021",15.85,15.8472222222222,18.2069444444444,429.55,127.516666666667,40,"Yes"
"929","21/07/2021",15.85,15.8472222222222,18.2075,429.57,127.55,37,"Yes"
"930","21/07/2021",15.85,15.8472222222222,18.2077777777778,429.58,127.566666666667,35,"Yes"
"931","21/07/2021",15.85,15.8472222222222,18.2083333333333,429.6,127.6,33,"No"
"932","21/07/2021",15.85,15.8472222222222,18.2086111111111,429.61,127.616666666667,32,"Yes"
"933","21/07/2021",15.85,15.8472222222222,18.2094444444444,429.64,127.666666666667,30,"Yes"
"934","21/07/2021",15.85,15.8472222222222,18.2108333333333,429.68,127.75,27,"Yes"
"935","21/07/2021",15.85,15.8472222222222,18.2133333333333,429.74,127.9,25,"Yes"
"936","21/07/2021",15.85,15.8472222222222,18.2155555555556,429.8,128.033333333333,26,"No"
"937","21/07/2021",15.85,15.8472222222222,18.2166666666667,429.82,128.1,25,"No"
"938","21/07/2021",15.85,15.8472222222222,18.2194444444444,429.89,128.266666666667,26,"No"
"939","21/07/2021",15.85,15.8472222222222,18.22,429.91,128.3,27,"No"
"940","21/07/2021",15.85,15.8472222222222,18.2205555555556,429.93,128.333333333333,27,"No"
"941","21/07/2021",15.85,15.8472222222222,18.2286111111111,430.13,128.816666666667,22,"Yes"
"942","21/07/2021",15.85,15.8472222222222,18.2327777777778,430.22,129.066666666667,23,"No"
"943","21/07/2021",15.85,15.8472222222222,18.2333333333333,430.24,129.1,21,"No"
"944","21/07/2021",15.85,15.8472222222222,18.2355555555556,430.28,129.233333333333,19,"No"
"945","21/07/2021",15.85,15.8472222222222,18.2361111111111,430.29,129.266666666667,18,"No"
"946","21/07/2021",15.85,15.8472222222222,18.2366666666667,430.3,129.3,17,"No"
"947","21/07/2021",15.85,15.8472222222222,18.2422222222222,430.39,129.633333333333,16,"No"
"948","21/07/2021",15.85,15.8472222222222,18.2427777777778,430.4,129.666666666667,14,"No"
"949","21/07/2021",15.85,15.8472222222222,18.2444444444444,430.42,129.766666666667,12,"Yes"
"950","21/07/2021",15.85,15.8472222222222,18.2472222222222,430.45,129.933333333333,12,"No"
"951","21/07/2021",15.85,15.8472222222222,18.2538888888889,430.53,130.333333333333,11,"No"
"952","21/07/2021",15.85,15.8472222222222,18.255,430.54,130.4,10,"Yes"
"953","21/07/2021",15.85,15.8472222222222,18.2561111111111,430.55,130.466666666667,10,"No"
"954","21/07/2021",15.85,15.8472222222222,18.2583333333333,430.57,130.6,8,"No"
"955","21/07/2021",15.85,15.8472222222222,18.2611111111111,430.58,130.766666666667,0,"No"
